,,,,,
codeset,Type,application,Name,FIELDMOBI_DEFAULT,
,,,,,
field,Type,Level,Parent Path,Code,Description
1,INDUSTRY,Level_001,INDUSTRY,ENERGY,Energy
2,INDUSTRY,Level_001,INDUSTRY,MATERIALS,Materials
3,INDUSTRY,Level_001,INDUSTRY,CAPITAL_GOODS,Capital Goods
4,INDUSTRY,Level_001,INDUSTRY,SERVICES,Commercial and Professional Services
5,INDUSTRY,Level_001,INDUSTRY,TRANSPORTATION,Transportation
6,INDUSTRY,Level_001,INDUSTRY,AUTOMOBILE,Automobiles and Components
7,INDUSTRY,Level_001,INDUSTRY,FMCG,Consumer Goods
8,INDUSTRY,Level_001,INDUSTRY,RETAIL,Distribution and Retail
9,INDUSTRY,Level_001,INDUSTRY,PHARMA,Health Care and Pharmaceuticals
10,INDUSTRY,Level_001,INDUSTRY,ELECTRONICS,Industrial Electronics
11,INDUSTRY,Level_001,INDUSTRY,MEDIA,Media and Entertainment
12,INDUSTRY,Level_001,INDUSTRY,REALESTATE,Real Estate Management and Development
13,INDUSTRY,Level_001,INDUSTRY,RENTAL,Rental
14,INDUSTRY,Level_001,INDUSTRY,ASSEMBLY,Assembly
15,INDUSTRY,Level_001,INDUSTRY,OTHER,Other
16,INDUSTRY,Level_002,INDUSTRY#ENERGY,OIL_EQP,Oil and Gas Equipment and Services
17,INDUSTRY,Level_002,INDUSTRY#ENERGY,OIL _REFINING,Oil and Gas Refining and Marketing
18,INDUSTRY,Level_002,INDUSTRY#ENERGY,OIL _TRANSPORT,Oil and Gas Storage and Transportation
19,INDUSTRY,Level_002,INDUSTRY#ENERGY,FUELS,Coal and Consumable Fuels
20,INDUSTRY,Level_002,INDUSTRY#ENERGY,RENEWABLE,Renewable Energy
21,INDUSTRY,Level_002,INDUSTRY#MATERIALS,CHEMICALS,Chemicals
22,INDUSTRY,Level_002,INDUSTRY#MATERIALS,CONSTRUCTION_MATERIALS,Construction Materials
23,INDUSTRY,Level_002,INDUSTRY#MATERIALS,PACKAGING,Containers and Packaging
24,INDUSTRY,Level_002,INDUSTRY#MATERIALS,METALS_MINING,Metals and Mining
25,INDUSTRY,Level_002,INDUSTRY#MATERIALS,FOREST_PRODUCTS,Forest Products
26,INDUSTRY,Level_002,INDUSTRY#MATERIALS,PAPER_PRODUCTS,Paper Products
27,INDUSTRY,Level_002,INDUSTRY#CAPITAL_GOODS,BUILDING PRODUCTS,Building Products
28,INDUSTRY,Level_002,INDUSTRY#CAPITAL_GOODS,CONSTRUCTION,Construction and Engineering
29,INDUSTRY,Level_002,INDUSTRY#CAPITAL_GOODS,ELECTRICAL_COMPONENTS,Electrical Components and Equipment
30,INDUSTRY,Level_002,INDUSTRY#CAPITAL_GOODS,ELECTRICAL_EQUIPMENT,Heavy Electrical Equipment
31,INDUSTRY,Level_002,INDUSTRY#CAPITAL_GOODS,CONSTRUCTION_MACHINERY,Construction Machinery and Heavy Transportation Equipment
32,INDUSTRY,Level_002,INDUSTRY#CAPITAL_GOODS,AGRICULTURAL_MACHINERY,Agricultural and Farm Machinery
33,INDUSTRY,Level_002,INDUSTRY#CAPITAL_GOODS,INDUSTRIAL_MACHINERY,Industrial Machinery and Supplies and Components
34,INDUSTRY,Level_002,INDUSTRY#CAPITAL_GOODS,TRADING_COMPANIES,Trading Companies
35,INDUSTRY,Level_002,INDUSTRY#SERVICES,PRINTING,Commercial Printing
36,INDUSTRY,Level_002,INDUSTRY#SERVICES,ENVIRONMENTAL_SERVICES,Environmental and Facilities Services
37,INDUSTRY,Level_002,INDUSTRY#SERVICES,OFFICE_SUPPLIES,Office Services and Supplies
38,INDUSTRY,Level_002,INDUSTRY#SERVICES,SUPPORT,Diversified Support Services
39,INDUSTRY,Level_002,INDUSTRY#SERVICES,SECURITY,Security and Alarm Services
40,INDUSTRY,Level_002,INDUSTRY#SERVICES,HR,Human Resource and Employment Services
41,INDUSTRY,Level_002,INDUSTRY#SERVICES,CONSULTING,Research and Consulting Services
42,INDUSTRY,Level_002,INDUSTRY#SERVICES,ISP,Internet Services and Infrastructure
43,INDUSTRY,Level_002,INDUSTRY#SERVICES,LEGAL_SERVICES,Legal Services
44,INDUSTRY,Level_002,INDUSTRY#SERVICES,EVENT_MANAGEMENT,Event Management
45,INDUSTRY,Level_002,INDUSTRY#SERVICES,DESIGN,Design Services
46,INDUSTRY,Level_002,INDUSTRY#SERVICES,QA,Quality Assurance  
47,INDUSTRY,Level_002,INDUSTRY#SERVICES,OTHER_SERVICES,Other Services
48,INDUSTRY,Level_002,INDUSTRY#TRANSPORTATION,LOGISTICS,Air Freight and Logistics
49,INDUSTRY,Level_002,INDUSTRY#TRANSPORTATION,AIRLINES,Passenger Airlines
50,INDUSTRY,Level_002,INDUSTRY#TRANSPORTATION,MARINE,Marine Transportation
51,INDUSTRY,Level_002,INDUSTRY#TRANSPORTATION,RAIL,Rail Transportation
52,INDUSTRY,Level_002,INDUSTRY#TRANSPORTATION,CARGO,Cargo Ground Transportation
53,INDUSTRY,Level_002,INDUSTRY#TRANSPORTATION,PASSENGER,Passenger Ground Transportation
54,INDUSTRY,Level_002,INDUSTRY#TRANSPORTATION,HIGHWAYS,Highways
55,INDUSTRY,Level_002,INDUSTRY#TRANSPORTATION,PORTS_SERVICES,Marine Ports and Services
56,INDUSTRY,Level_002,INDUSTRY#AUTOMOBILE,AUTOMOTIVE_PARTS,"Automotive Parts and Equipment, Tires and Rubber"
57,INDUSTRY,Level_002,INDUSTRY#AUTOMOBILE,CARS,Automobiles
58,INDUSTRY,Level_002,INDUSTRY#FMCG,CONSUMER_ELECTRONICS,Consumer Electronics
59,INDUSTRY,Level_002,INDUSTRY#FMCG,HOME_FURNISHINGS,Home Furnishings
60,INDUSTRY,Level_002,INDUSTRY#FMCG,HOUSEWARES,Housewares and Specialties
61,INDUSTRY,Level_002,INDUSTRY#FMCG,LEISURE,Leisure Products
62,INDUSTRY,Level_002,INDUSTRY#FMCG,TEXTILES_GOODS,"Textiles, Apparel and Luxury Goods"
63,INDUSTRY,Level_002,INDUSTRY#FMCG,ALCOHOL_BEVERAGES,Alcoholic Beverages
64,INDUSTRY,Level_002,INDUSTRY#FMCG,NONALCOHOLIC_BEVERAGES,Soft Drinks and Non alcoholic Beverages
65,INDUSTRY,Level_002,INDUSTRY#FMCG,AGRICULTURAL_PRODUCTS,Agricultural Products and Services
66,INDUSTRY,Level_002,INDUSTRY#FMCG,PACKAGED_FOODS,Packaged Foods and Meats
67,INDUSTRY,Level_002,INDUSTRY#FMCG,HOUSEHOLD_PRODUCTS,Household Products
68,INDUSTRY,Level_002,INDUSTRY#FMCG,PERSONAL_CARE,Personal Care Products
69,INDUSTRY,Level_002,INDUSTRY#RETAIL,AUTOMOTIVE_RETAIL,Automotive Retail
70,INDUSTRY,Level_002,INDUSTRY#RETAIL,DRUG_RETAIL,Drug Retail
71,INDUSTRY,Level_002,INDUSTRY#RETAIL,SUPERMARKETS,"Supermarkets, Hypermarkets, Grocery and Other Retailers"
72,INDUSTRY,Level_002,INDUSTRY#PHARMA,HEALTHCARE_EQP,Health Care Equipment
73,INDUSTRY,Level_002,INDUSTRY#PHARMA,HEALTHCARE_CONSUMABLES,Health Care Supplies and Consumables
74,INDUSTRY,Level_002,INDUSTRY#PHARMA,HEALTHCARE_SERVICES,Health Care Services
75,INDUSTRY,Level_002,INDUSTRY#PHARMA,HEALTHCARE_FACILITIES,Health Care Facilities
76,INDUSTRY,Level_002,INDUSTRY#PHARMA,PHARMACEUTICALS,Pharmaceuticals
77,INDUSTRY,Level_002,INDUSTRY#ELECTRONICS,ELECTRONIC_EQP,Electronic Equipment and Instruments
78,INDUSTRY,Level_002,INDUSTRY#ELECTRONICS,ELECTRONIC_COMPONENTS,Electronic Components
79,INDUSTRY,Level_002,INDUSTRY#ELECTRONICS,ELECTRONIC_MANUFACTURING,Electronic Manufacturing Services
80,INDUSTRY,Level_002,INDUSTRY#MEDIA,ADVERTISING,Advertising
81,INDUSTRY,Level_002,INDUSTRY#MEDIA,BROADCASTING,Broadcasting
82,INDUSTRY,Level_002,INDUSTRY#MEDIA,CABLE,Cable and Satellite
83,INDUSTRY,Level_002,INDUSTRY#MEDIA,PUBLISHING,Publishing
84,INDUSTRY,Level_002,INDUSTRY#MEDIA,MOVIES,Movies and Entertainment
85,INDUSTRY,Level_002,INDUSTRY#REALESTATE,REALESTATE_OPS,Real Estate Operating Companies
86,INDUSTRY,Level_002,INDUSTRY#REALESTATE,REALESTATE_DEVELOPMENT,Real Estate Development
87,INDUSTRY,Level_002,INDUSTRY#REALESTATE,REALESTATE_SERVICES,Real Estate Services
88,INDUSTRY,Level_002,INDUSTRY#RENTAL,EQP_RENTAL,Equipment Rental
89,INDUSTRY,Level_002,INDUSTRY#RENTAL,HEAVYEQP_RENTAL,Heavy Equipment Rental
90,INDUSTRY,Level_002,INDUSTRY#RENTAL,VEHICLE_RENTAL,Vehicle Rental
91,CHARGECODE,Level_001,CHARGECODE,BUSINESS_EXPENSE,Business Expense
92,CHARGECODE,Level_001,CHARGECODE,EMPLOYEE,Employee
93,CHARGECODE,Level_001,CHARGECODE,TAXES,Taxes
94,CHARGECODE,Level_001,CHARGECODE,DEPRECIATION,Depreciation
95,CHARGECODE,Level_001,CHARGECODE,INTERESTS,Interests
96,CHARGECODE,Level_001,CHARGECODE,LEGAL_EXPENSE,Legal Expense
97,CHARGECODE,Level_001,CHARGECODE,BUSINESS_LOSS,Business Loss
98,CHARGECODE,Level_001,CHARGECODE,OFFICE_EXPENSE,Office Expense
99,CHARGECODE,Level_001,CHARGECODE,SAFETY,Safety
100,CHARGECODE,Level_001,CHARGECODE,MAINTENANCE,Maintenance
101,CHARGECODE,Level_001,CHARGECODE,MARKETING,Marketing and Advertising
102,CHARGECODE,Level_001,CHARGECODE,BAD_DEBTS,Bad Debts
103,CHARGECODE,Level_001,CHARGECODE,COGS,COGS
104,CHARGECODE,Level_002,CHARGECODE#BAD_DEBTS,NON_PAYMENT,Non payment from customers
105,CHARGECODE,Level_002,CHARGECODE#BAD_DEBTS,FRAUDULENT_ACTIVITIES,Fraudulent activities
106,CHARGECODE,Level_002,CHARGECODE#BAD_DEBTS,ECONOMIC_DOWNTURN,Economic downturn
107,CHARGECODE,Level_002,CHARGECODE#BUSINESS_EXPENSE,RENT,Rent
108,CHARGECODE,Level_002,CHARGECODE#BUSINESS_EXPENSE,UTILITIES,Utilities
109,CHARGECODE,Level_002,CHARGECODE#BUSINESS_EXPENSE,SHIPPING,Postage & Shipping
110,CHARGECODE,Level_002,CHARGECODE#BUSINESS_EXPENSE,INSURANCE,Insurance premium
111,CHARGECODE,Level_002,CHARGECODE#BUSINESS_EXPENSE,PACKAGING_COST,Packaging cost
112,CHARGECODE,Level_002,CHARGECODE#BUSINESS_EXPENSE,STORAGE,Storage cost
113,CHARGECODE,Level_002,CHARGECODE#BUSINESS_EXPENSE,WAREHOUSING,Warehousing cost
114,CHARGECODE,Level_002,CHARGECODE#BUSINESS_EXPENSE,CUSTOMS,Custom duties & tariffs
115,CHARGECODE,Level_002,CHARGECODE#BUSINESS_LOSS,OPERATING_LOSS,Operating loss
116,CHARGECODE,Level_002,CHARGECODE#BUSINESS_LOSS,NET_LOSS,Net loss
117,CHARGECODE,Level_002,CHARGECODE#BUSINESS_LOSS,CAPITAL_LOSS,Capital loss
118,CHARGECODE,Level_002,CHARGECODE#BUSINESS_LOSS,INVENTORY_LOSS,Inventory loss
119,CHARGECODE,Level_002,CHARGECODE#BUSINESS_LOSS,IMPAIRMENT_LOSS,Impairment loss
120,CHARGECODE,Level_002,CHARGECODE#COGS,LABOR_COST,Direct Labor Cost
121,CHARGECODE,Level_002,CHARGECODE#COGS,MATERIAL_COST,Direct Material Cost
122,CHARGECODE,Level_002,CHARGECODE#COGS,MANUFACTURING_COST,Direct Manufacturing Cost
123,CHARGECODE,Level_002,CHARGECODE#DEPRECIATION,DEP_ASSETS,Depreciation on fixed assets
124,CHARGECODE,Level_002,CHARGECODE#DEPRECIATION,INTANGIBLE_ASSETS,Amortization on intangible assets
125,CHARGECODE,Level_002,CHARGECODE#DEPRECIATION,DEPLETION,Depletion of natural resources
126,CHARGECODE,Level_002,CHARGECODE#DEPRECIATION,ACCUMULATED_DEPRECIATION,Accumulated depreciation
127,CHARGECODE,Level_002,CHARGECODE#DEPRECIATION,IMPAIRMENT,Impairment charge
128,CHARGECODE,Level_002,CHARGECODE#EMPLOYEE,SALARY,Salary
129,CHARGECODE,Level_002,CHARGECODE#EMPLOYEE,EMPLOYEE_TRAVEL,Employee travel
130,CHARGECODE,Level_002,CHARGECODE#EMPLOYEE,EMPLOYEE_FOOD,Employee food
131,CHARGECODE,Level_002,CHARGECODE#EMPLOYEE,TRAINING,Training
132,CHARGECODE,Level_002,CHARGECODE#EMPLOYEE,HEALTH,Health
133,CHARGECODE,Level_002,CHARGECODE#EMPLOYEE,PURCHASE,purchase for employee usage
134,CHARGECODE,Level_002,CHARGECODE#EMPLOYEE,EMPLOYEE_BENEFITS,Employee benefits
135,CHARGECODE,Level_002,CHARGECODE#EMPLOYEE,INTERNS,Interns
136,CHARGECODE,Level_002,CHARGECODE#EMPLOYEE,CONSULTANTS,Consultants/ Agents/ Contractors
137,CHARGECODE,Level_002,CHARGECODE#EMPLOYEE,WAGES,Wages
138,CHARGECODE,Level_002,CHARGECODE#EMPLOYEE,EMPLOYEE_INSURANCE,Employee insurance
139,CHARGECODE,Level_002,CHARGECODE#EMPLOYEE,LEGAL_EXPENSES,Employee legal expense
140,CHARGECODE,Level_002,CHARGECODE#EMPLOYEE,RECRUITMENT,Recruitment
141,CHARGECODE,Level_002,CHARGECODE#EMPLOYEE,MISCELLANEOUS,miscellaneous
142,CHARGECODE,Level_002,CHARGECODE#EMPLOYEE,EMPLOYEE_STAY,employee temporary stay
143,CHARGECODE,Level_002,CHARGECODE#EMPLOYEE,EMPLOYEE_ACCOMODATION,employee accomodation
144,CHARGECODE,Level_002,CHARGECODE#EMPLOYEE,LOAN_INTEREST,Loan interest
145,CHARGECODE,Level_002,CHARGECODE#EMPLOYEE,BOND_INTEREST,Bond interest
146,CHARGECODE,Level_002,CHARGECODE#EMPLOYEE,INTEREST_LEASE,Interest on lease
147,CHARGECODE,Level_002,CHARGECODE#EMPLOYEE,BANK_INTEREST,Bank overdraft interest
148,CHARGECODE,Level_002,CHARGECODE#EMPLOYEE,CREDIT_CARD,Credit card interest
149,CHARGECODE,Level_002,CHARGECODE#LEGAL_EXPENSE,COUNSEL_EXPENSE,Legal counsel expense
150,CHARGECODE,Level_002,CHARGECODE#LEGAL_EXPENSE,LITIGATION_COST,Litigation cost
151,CHARGECODE,Level_002,CHARGECODE#LEGAL_EXPENSE,REGULATORY_COMPLIANCE,Regulatory compliance
152,CHARGECODE,Level_002,CHARGECODE#LEGAL_EXPENSE,CONTRACTUAL_EXPENSE,Contractual expense
153,CHARGECODE,Level_002,CHARGECODE#LEGAL_EXPENSE,INVESTIGATION,Investigation
154,CHARGECODE,Level_002,CHARGECODE#LEGAL_EXPENSE,PENALTIES,Penalties / Fees
155,CHARGECODE,Level_002,CHARGECODE#LEGAL_EXPENSE,LEGAL_RESEARCH,Legal research
156,CHARGECODE,Level_002,CHARGECODE#MAINTENANCE,EQUIPMENT_MAINTENANCE,Equipment maintenance
157,CHARGECODE,Level_002,CHARGECODE#MAINTENANCE,GROUND_MAINTENANCE,Ground maintenance
158,CHARGECODE,Level_002,CHARGECODE#MAINTENANCE,PREVENTIVE_MAINTENANCE,Preventive maintenance
159,CHARGECODE,Level_002,CHARGECODE#MAINTENANCE,UTILITY_MAINTENANCE,Utility maintenance
160,CHARGECODE,Level_002,CHARGECODE#MAINTENANCE,TRANSPORTATION_COST,Transportation cost
161,CHARGECODE,Level_002,CHARGECODE#MAINTENANCE,ENVIRONMENTAL_EXPENSES,Environmental compliance expenses
162,CHARGECODE,Level_002,CHARGECODE#MARKETING,ADVERTISING_CAMPAIGNS,Advertising campaigns
163,CHARGECODE,Level_002,CHARGECODE#MARKETING,PROMOTIONS,Promotions
164,CHARGECODE,Level_002,CHARGECODE#MARKETING,SPONSORSHIPS,Sponsorships
165,CHARGECODE,Level_002,CHARGECODE#MARKETING,CONTENT_CREATION,Content creation
166,CHARGECODE,Level_002,CHARGECODE#MARKETING,PUBLIC_RELATIONS,Public relations
167,CHARGECODE,Level_002,CHARGECODE#MARKETING,MARKETING_RESEARCH,Marketing research
168,CHARGECODE,Level_002,CHARGECODE#MARKETING,WEBSITE_DEVELOPMENT,Website development
169,CHARGECODE,Level_002,CHARGECODE#OFFICE_EXPENSE,STATIONERY,Stationery
170,CHARGECODE,Level_002,CHARGECODE#OFFICE_EXPENSE,PHONE_CHARGES,Phone service charges
171,CHARGECODE,Level_002,CHARGECODE#OFFICE_EXPENSE,OFFICE_SUPPLY,Office supplies
172,CHARGECODE,Level_002,CHARGECODE#OFFICE_EXPENSE,SOFTWARE_EXPENSES,Software & Hardware expenses
173,CHARGECODE,Level_002,CHARGECODE#OFFICE_EXPENSE,OFFICE_DECOR,Office decor
174,CHARGECODE,Level_002,CHARGECODE#SAFETY,CLEANING,Hygeine and Cleaning
175,CHARGECODE,Level_002,CHARGECODE#SAFETY,FIRE_SAFETY,Fire safety
176,CHARGECODE,Level_002,CHARGECODE#TAXES,INCOME_TAX,Income tax
177,CHARGECODE,Level_002,CHARGECODE#TAXES,PAYROLL_TAXES,Payroll taxes
178,CHARGECODE,Level_002,CHARGECODE#TAXES,SALES_TAX,Sales tax
179,CHARGECODE,Level_002,CHARGECODE#TAXES,PROPERTY_TAX,Property tax
180,CHARGECODE,Level_002,CHARGECODE#TAXES,EXCISE_TAX,Excise tax
181,CHARGECODE,Level_002,CHARGECODE#TAXES,FRANCHISE_TAXES,Franchise taxes
182,CHARGECODE,Level_002,CHARGECODE#TAXES,GST,GST
183,ASSET,Level_001,ASSET,GENERATOR,Power Generator
184,ASSET,Level_001,ASSET,RENEWABLE_ASSETS,Renewable Energy Assets
185,ASSET,Level_001,ASSET,PRODUCTION_MACHINERY,Production Machinery
186,ASSET,Level_001,ASSET,FURNITURE,Office Furniture
187,ASSET,Level_001,ASSET,INDUSTRIAL_EQUIPMENT,Industrial Equipment
188,ASSET,Level_001,ASSET,STORAGE_SYSTEMS,Storage Systems
189,ASSET,Level_001,ASSET,RETAIL_FIXTURES,Retail Fixtures
190,ASSET,Level_001,ASSET,MEDICAL_EQUIPMENT,Medical Equipment
191,ASSET,Level_001,ASSET,HVAC,HVAC Systems
192,ASSET,Level_001,ASSET,IT_INFRA,IT & Telecom Equipment
193,ASSET,Level_001,ASSET,TRANSPORT_EQP,Transportation Equipment
194,ASSET,Level_001,ASSET,AUTOMOTIVE_EQUIPMENT,Automotive Equipment
195,ASSET,Level_001,ASSET,MEDIA_EQUIPMENT,Media Production Equipment
196,ASSET,Level_001,ASSET,MAINTENANCE_EQUIPMENT,Maintenance Equipment
197,ASSET,Level_001,ASSET,PACKAGING_MACHINERY,Packaging Machinery
198,ASSET,Level_001,ASSET,LAB_EQP,Laboratory Equipment
199,ASSET,Level_001,ASSET,BATTERIES,Batteries & Power Supplies
200,ASSET,Level_001,ASSET,ELECTRONIC_COMPONENTS ,Electronic Components 
201,ASSET,Level_001,ASSET,KITCHEN_EQUIPMENT,Kitchen Equipment
202,ASSET,Level_002,ASSET#GENERATOR,DIESEL_GENERATORS,Diesel Generators
203,ASSET,Level_002,ASSET#GENERATOR,GAS_GENERATORS,Gas Generators
204,ASSET,Level_002,ASSET#GENERATOR,PORTABLE_GENERATORS,Portable Generators
205,ASSET,Level_002,ASSET#GENERATOR,INVERTER,Inverter Generators
206,ASSET,Level_002,ASSET#GENERATOR,INDUSTRIAL_GENERATORS,Industrial Generators
207,ASSET,Level_002,ASSET#GENERATOR,MARINE_GENERATORS,Marine Generators
208,ASSET,Level_002,ASSET#GENERATOR,EMERGENCY_GENERATORS,Emergency Generators
209,ASSET,Level_002,ASSET#GENERATOR,FUELCELL_GENERATORS,Fuel Cell Generators
210,ASSET,Level_002,ASSET#RENEWABLE_ASSETS,SOLAR_PANELS,Solar Panels
211,ASSET,Level_002,ASSET#RENEWABLE_ASSETS,WIND_TURBINES,Wind Turbines
212,ASSET,Level_002,ASSET#RENEWABLE_ASSETS,HYDROELECTRIC_SYSTEMS,Hydroelectric Systems
213,ASSET,Level_002,ASSET#RENEWABLE_ASSETS,GEOTHERMAL_SYSTEMS,Geothermal Systems
214,ASSET,Level_002,ASSET#RENEWABLE_ASSETS,BIOMASS_SYSTEMS,Biomass Systems
215,ASSET,Level_002,ASSET#RENEWABLE_ASSETS,OCEAN_ENERGY,Ocean Energy (Wave & Tidal)
216,ASSET,Level_002,ASSET#RENEWABLE_ASSETS,HYDROPOWER_PLANTS,Hydropower Plants
217,ASSET,Level_002,ASSET#RENEWABLE_ASSETS,SOLARTHERMAL_SYSTEMS,Solar Thermal Systems
218,ASSET,Level_002,ASSET#RENEWABLE_ASSETS,WIND_FARMS,Wind Farms
219,ASSET,Level_002,ASSET#RENEWABLE_ASSETS,HYDROGENENERGY_SYSTEMS,Hydrogen Energy Systems
220,ASSET,Level_002,ASSET#RENEWABLE_ASSETS,BIOFUELSPRODUCTION_SYSTEMS,Biofuels Production Systems
221,ASSET,Level_002,ASSET#PRODUCTION_MACHINERY,CNC_MACHINES,CNC Machines
222,ASSET,Level_002,ASSET#PRODUCTION_MACHINERY,MOLDING_MACHINES,Injection Molding Machines
223,ASSET,Level_002,ASSET#PRODUCTION_MACHINERY,PRESSES,"Presses (Hydraulic, Mechanical)"
224,ASSET,Level_002,ASSET#PRODUCTION_MACHINERY,WELDING_MACHINES,Welding Machines
225,ASSET,Level_002,ASSET#PRODUCTION_MACHINERY,LASERCUTTING_MACHINES,Laser Cutting Machines
226,ASSET,Level_002,ASSET#PRODUCTION_MACHINERY,PRINTERS,3D Printers
227,ASSET,Level_002,ASSET#PRODUCTION_MACHINERY,MILLING_MACHINES,Milling Machines
228,ASSET,Level_002,ASSET#PRODUCTION_MACHINERY,GRINDERS,Grinders
229,ASSET,Level_002,ASSET#PRODUCTION_MACHINERY,ASSEMBLYLINE_MACHINES,Assembly Line Machines
230,ASSET,Level_002,ASSET#PRODUCTION_MACHINERY,PACKAGING_MACHINES,Packaging Machines
231,ASSET,Level_002,ASSET#PRODUCTION_MACHINERY,BENDING_MACHINES,Bending Machines
232,ASSET,Level_002,ASSET#PRODUCTION_MACHINERY,DRILLING_MACHINES,Drilling Machines
233,ASSET,Level_002,ASSET#PRODUCTION_MACHINERY,LATHES,Lathes
234,ASSET,Level_002,ASSET#PRODUCTION_MACHINERY,CONVEYORS,Conveyors
235,ASSET,Level_002,ASSET#PRODUCTION_MACHINERY,ROLLING_MILLS,Rolling Mills
236,ASSET,Level_002,ASSET#PRODUCTION_MACHINERY,MIXING_MACHINES,Mixing Machines
237,ASSET,Level_002,ASSET#FURNITURE,DESKS,Desks
238,ASSET,Level_002,ASSET#FURNITURE,OFFICE_CHAIRS,Office Chairs
239,ASSET,Level_002,ASSET#FURNITURE,FILING_CABINETS,Filing Cabinets
240,ASSET,Level_002,ASSET#FURNITURE,BOOKCASES,Bookcases
241,ASSET,Level_002,ASSET#FURNITURE,CONFERENCE_TABLES,Conference Tables
242,ASSET,Level_002,ASSET#FURNITURE,WORKSTATIONS,Workstations
243,ASSET,Level_002,ASSET#FURNITURE,CUBICLES,Cubicles
244,ASSET,Level_002,ASSET#FURNITURE,RECEPTION_DESKS,Reception Desks
245,ASSET,Level_002,ASSET#FURNITURE,STORAGE_UNITS,Storage Units
246,ASSET,Level_002,ASSET#FURNITURE,TASK_CHAIRS,Task Chairs
247,ASSET,Level_002,ASSET#FURNITURE,LOUNGE_FURNITURE,Lounge Furniture
248,ASSET,Level_002,ASSET#FURNITURE,ARMCHAIRS,Armchairs
249,ASSET,Level_002,ASSET#FURNITURE,CABINETS,Cabinets
250,ASSET,Level_002,ASSET#FURNITURE,BOOKSHELVES,Bookshelves
251,ASSET,Level_002,ASSET#FURNITURE,COAT_RACKS,Coat Racks
252,ASSET,Level_002,ASSET#FURNITURE,SIDE_TABLES,Side Tables
253,ASSET,Level_002,ASSET#FURNITURE,WHITEBOARDS,Whiteboards
254,ASSET,Level_002,ASSET#INDUSTRIAL_EQUIPMENT,AIR_COMPRESSORS,Air Compressors
255,ASSET,Level_002,ASSET#INDUSTRIAL_EQUIPMENT,PUMPS,Pumps
256,ASSET,Level_002,ASSET#INDUSTRIAL_EQUIPMENT,GENERATORS,Generators
257,ASSET,Level_002,ASSET#INDUSTRIAL_EQUIPMENT,CONVEYOR_SYSTEMS,Conveyor Systems
258,ASSET,Level_002,ASSET#INDUSTRIAL_EQUIPMENT,ELECTRIC_MOTORS,Electric Motors
259,ASSET,Level_002,ASSET#INDUSTRIAL_EQUIPMENT,HYDRAULICS_EQUIPMENT,Hydraulics & Pneumatics Equipment
260,ASSET,Level_002,ASSET#INDUSTRIAL_EQUIPMENT,FORKLIFTS,Forklifts
261,ASSET,Level_002,ASSET#INDUSTRIAL_EQUIPMENT,CRANES,Cranes
262,ASSET,Level_002,ASSET#INDUSTRIAL_EQUIPMENT,WELDING_EQUIPMENT,Welding Equipment
263,ASSET,Level_002,ASSET#INDUSTRIAL_EQUIPMENT,FORKLIFTS_PALLET_JACKS,Forklifts & Pallet Jacks
264,ASSET,Level_002,ASSET#INDUSTRIAL_EQUIPMENT,INDUSTRIAL_FANS,Industrial Fans
265,ASSET,Level_002,ASSET#INDUSTRIAL_EQUIPMENT,HEAT_EXCHANGERS,Heat Exchangers
266,ASSET,Level_002,ASSET#INDUSTRIAL_EQUIPMENT,MHE,Material Handling Equipment
267,ASSET,Level_002,ASSET#INDUSTRIAL_EQUIPMENT,INDUSTRIAL_ROBOTS,Industrial Robots
268,ASSET,Level_002,ASSET#INDUSTRIAL_EQUIPMENT,COMPRESSORS,Compressors
269,ASSET,Level_002,ASSET#INDUSTRIAL_EQUIPMENT,BOILER_SYSTEMS,Boiler Systems
270,ASSET,Level_002,ASSET#INDUSTRIAL_EQUIPMENT,LUBRICATION_SYSTEMS,Lubrication Systems
271,ASSET,Level_002,ASSET#INDUSTRIAL_EQUIPMENT,FILTRATION_SYSTEMS,Filtration Systems
272,ASSET,Level_002,ASSET#INDUSTRIAL_EQUIPMENT,BLAST_FURNACES,Blast Furnaces
273,ASSET,Level_002,ASSET#INDUSTRIAL_EQUIPMENT,PRESSURE_WASHERS,Pressure Washers
274,ASSET,Level_002,ASSET#STORAGE_SYSTEMS,SHELVING_UNITS,Shelving Units
275,ASSET,Level_002,ASSET#STORAGE_SYSTEMS,RACKING_SYSTEMS,Racking Systems
276,ASSET,Level_002,ASSET#STORAGE_SYSTEMS,PALLET_RACKS,Pallet Racks
277,ASSET,Level_002,ASSET#STORAGE_SYSTEMS,MOBILESTORAGE_UNITS,Mobile Storage Units
278,ASSET,Level_002,ASSET#STORAGE_SYSTEMS,VERTICALLIFT_MODULES,Vertical Lift Modules
279,ASSET,Level_002,ASSET#STORAGE_SYSTEMS,ASRS,Automated Storage and Retrieval Systems (ASRS)
280,ASSET,Level_002,ASSET#STORAGE_SYSTEMS,CABINET,Cabinets
281,ASSET,Level_002,ASSET#STORAGE_SYSTEMS,LOCKERS,Lockers
282,ASSET,Level_002,ASSET#STORAGE_SYSTEMS,BULKSTORAGE_BINS,Bulk Storage Bins
283,ASSET,Level_002,ASSET#STORAGE_SYSTEMS,COLDSTORAGE_SYSTEMS,Cold Storage Systems
284,ASSET,Level_002,ASSET#STORAGE_SYSTEMS,MEZZANINE_FLOORS,Mezzanine Floors
285,ASSET,Level_002,ASSET#STORAGE_SYSTEMS,BULK_STORAGE,Bulk Storage Silos
286,ASSET,Level_002,ASSET#STORAGE_SYSTEMS,DRAWER_STORAGE,Drawer Storage Systems
287,ASSET,Level_002,ASSET#STORAGE_SYSTEMS,HIGHDENSITY_STORAGE,High-Density Storage Solutions
288,ASSET,Level_002,ASSET#STORAGE_SYSTEMS,ARCHIVESTORAGE_SYSTEMS,Archive Storage Systems
289,ASSET,Level_002,ASSET#STORAGE_SYSTEMS,OVERHEAD_STORAGE,Overhead Storage
290,ASSET,Level_002,ASSET#STORAGE_SYSTEMS,TOOLSTORAGE,Tool Storage Systems
291,ASSET,Level_002,ASSET#STORAGE_SYSTEMS,FILE_STORAGE,File Storage Systems
292,ASSET,Level_002,ASSET#STORAGE_SYSTEMS,PALLETIZING_SYSTEMS,Palletizing Systems
293,ASSET,Level_002,ASSET#RETAIL_FIXTURES,DISPLAY_SHELVING,Display Shelving
294,ASSET,Level_002,ASSET#RETAIL_FIXTURES,WALL_MOUNTED,Wall Mounted Shelving
295,ASSET,Level_002,ASSET#RETAIL_FIXTURES,GONDOLA_SHELVING,Gondola Shelving Units
296,ASSET,Level_002,ASSET#RETAIL_FIXTURES,END_SHELVES,End Shelves
297,ASSET,Level_002,ASSET#RETAIL_FIXTURES,MANNEQUINS,Mannequins
298,ASSET,Level_002,ASSET#RETAIL_FIXTURES,CLOTHING_RACKS,Clothing Racks
299,ASSET,Level_002,ASSET#RETAIL_FIXTURES,PRODUCT_DISPLAY,Product Display Stands
300,ASSET,Level_002,ASSET#RETAIL_FIXTURES,COUNTERS,Counters
301,ASSET,Level_002,ASSET#RETAIL_FIXTURES,CHECKOUT_STATIONS,Checkout Stations
302,ASSET,Level_002,ASSET#RETAIL_FIXTURES,SIGNAGE_DISPLAYS,Signage and Displays
303,ASSET,Level_002,ASSET#RETAIL_FIXTURES,PEGBOARD_DISPLAYS,Pegboard Displays
304,ASSET,Level_002,ASSET#RETAIL_FIXTURES,DUMP_BINS,Dump Bins and Baskets
305,ASSET,Level_002,ASSET#RETAIL_FIXTURES,KIOSKS,Kiosks
306,ASSET,Level_002,ASSET#RETAIL_FIXTURES,DISPLAY_CABINETS,Display Cabinets
307,ASSET,Level_002,ASSET#RETAIL_FIXTURES,PRODUCT_HOOKS,Product Hooks and Brackets
308,ASSET,Level_002,ASSET#RETAIL_FIXTURES,STORE_FIXTURES,Store Fixtures for Promotional Displays
309,ASSET,Level_002,ASSET#RETAIL_FIXTURES,DISPLAY_UNITS,Freestanding Display Units
310,ASSET,Level_002,ASSET#RETAIL_FIXTURES,SLATWALL_PANELS,Slatwall Panels
311,ASSET,Level_002,ASSET#RETAIL_FIXTURES,STORE_SIGNAGE,Store Signage (Interior/Exterior)
312,ASSET,Level_002,ASSET#RETAIL_FIXTURES,POS,Point of Sale (POS) Stations
313,ASSET,Level_002,ASSET#MEDICAL_EQUIPMENT,DIAGNOSTIC_MACHINES,Diagnostic Machines
314,ASSET,Level_002,ASSET#MEDICAL_EQUIPMENT,MRI_MACHINES,MRI Machines
315,ASSET,Level_002,ASSET#MEDICAL_EQUIPMENT,XRAY_MACHINES,X-Ray Machines
316,ASSET,Level_002,ASSET#MEDICAL_EQUIPMENT,ULTRASOUND_MACHINES,Ultrasound Machines
317,ASSET,Level_002,ASSET#MEDICAL_EQUIPMENT,CT_SCANNERS,CT Scanners
318,ASSET,Level_002,ASSET#MEDICAL_EQUIPMENT,ECG_MACHINES,ECG Machines
319,ASSET,Level_002,ASSET#MEDICAL_EQUIPMENT,VENTILATORS,Ventilators
320,ASSET,Level_002,ASSET#MEDICAL_EQUIPMENT,INFUSION_PUMPS,Infusion Pumps
321,ASSET,Level_002,ASSET#MEDICAL_EQUIPMENT,ANESTHESIA_MACHINES,Anesthesia Machines
322,ASSET,Level_002,ASSET#MEDICAL_EQUIPMENT,DEFIBRILLATORS,Defibrillators
323,ASSET,Level_002,ASSET#MEDICAL_EQUIPMENT,PATIENT_MONITORS,Patient Monitors
324,ASSET,Level_002,ASSET#MEDICAL_EQUIPMENT,STERILIZERS,Sterilizers
325,ASSET,Level_002,ASSET#MEDICAL_EQUIPMENT,SURGICAL_INSTRUMENTS,Surgical Instruments
326,ASSET,Level_002,ASSET#MEDICAL_EQUIPMENT,SURGICAL_TABLES,Surgical Tables
327,ASSET,Level_002,ASSET#MEDICAL_EQUIPMENT,EXAM_TABLES,Exam Tables
328,ASSET,Level_002,ASSET#MEDICAL_EQUIPMENT,LABORATORY_EQP,Laboratory Equipment
329,ASSET,Level_002,ASSET#MEDICAL_EQUIPMENT,OXYGEN_CONCENTRATORS,Oxygen Concentrators
330,ASSET,Level_002,ASSET#MEDICAL_EQUIPMENT,BP_MONITORS,Blood Pressure Monitors
331,ASSET,Level_002,ASSET#MEDICAL_EQUIPMENT,WHEELCHAIRS,Wheelchairs
332,ASSET,Level_002,ASSET#MEDICAL_EQUIPMENT,STRETCHERS,Stretchers
333,ASSET,Level_002,ASSET#MEDICAL_EQUIPMENT,DIALYSIS_MACHINES,Dialysis Machines
334,ASSET,Level_002,ASSET#MEDICAL_EQUIPMENT,BLOOD_GAS,Blood Gas Analyzers
335,ASSET,Level_002,ASSET#MEDICAL_EQUIPMENT,ENDOSCOPES,Endoscopes
336,ASSET,Level_002,ASSET#MEDICAL_EQUIPMENT,IV_POLES,IV Poles
337,ASSET,Level_002,ASSET#HVAC,AIR_CONDITIONERS,Air Conditioners
338,ASSET,Level_002,ASSET#HVAC,FURNACES,Furnaces
339,ASSET,Level_002,ASSET#HVAC,HEAT_PUMPS,Heat Pumps
340,ASSET,Level_002,ASSET#HVAC,BOILERS,Boilers
341,ASSET,Level_002,ASSET#HVAC,AHU,Air Handling Units (AHU)
342,ASSET,Level_002,ASSET#HVAC,CHILLERS,Chillers
343,ASSET,Level_002,ASSET#HVAC,DUCTWORK,Ductwork
344,ASSET,Level_002,ASSET#HVAC,VENTILATION_FANS,Ventilation Fans
345,ASSET,Level_002,ASSET#HVAC,DEHUMIDIFIERS,Dehumidifiers
346,ASSET,Level_002,ASSET#HVAC,HUMIDIFIERS,Humidifiers
347,ASSET,Level_002,ASSET#HVAC,THERMOSTATS,Thermostats
348,ASSET,Level_002,ASSET#HVAC,COOLING_TOWERS,Cooling Towers
349,ASSET,Level_002,ASSET#HVAC,PACKAGE_UNITS,Package Units
350,ASSET,Level_002,ASSET#HVAC,EXHAUST_FANS,Exhaust Fans
351,ASSET,Level_002,ASSET#HVAC,AIR_FILTERS,Air Filters
352,ASSET,Level_002,ASSET#HVAC,RADIATORS,Radiators
353,ASSET,Level_002,ASSET#HVAC,UV_AIRPURIFIERS,UV Air Purifiers
354,ASSET,Level_002,ASSET#IT_INFRA,SERVERS,Servers
355,ASSET,Level_002,ASSET#IT_INFRA,NETWORK_ROUTERS,Network Routers
356,ASSET,Level_002,ASSET#IT_INFRA,SWITCHES,Switches
357,ASSET,Level_002,ASSET#IT_INFRA,FIREWALLS,Firewalls
358,ASSET,Level_002,ASSET#IT_INFRA,DATA_CENTERRACKS,Data Center Racks
359,ASSET,Level_002,ASSET#IT_INFRA,POWER_SUPPLIES,Power Supplies
360,ASSET,Level_002,ASSET#IT_INFRA,NETWORK_CABLES,"Network Cables (Ethernet, Fiber Optic)"
361,ASSET,Level_002,ASSET#IT_INFRA,WIRELESS_ACCESSPOINTS,Wireless Access Points
362,ASSET,Level_002,ASSET#IT_INFRA,MODEMS,Modems
363,ASSET,Level_002,ASSET#IT_INFRA,DESKTOP,Desktop
364,ASSET,Level_002,ASSET#IT_INFRA,LAPTOPS,Laptops
365,ASSET,Level_002,ASSET#TRANSPORT_EQP,TRUCKS,Trucks
366,ASSET,Level_002,ASSET#TRANSPORT_EQP,TRAILERS,Trailers
367,ASSET,Level_002,ASSET#TRANSPORT_EQP,FORKLIFT,Forklifts
368,ASSET,Level_002,ASSET#TRANSPORT_EQP,DELIVERY_VANS,Delivery Vans
369,ASSET,Level_002,ASSET#TRANSPORT_EQP,SHIPPING_CONTAINERS,Shipping Containers
370,ASSET,Level_002,ASSET#TRANSPORT_EQP,REFRIGERATED_TRUCKS,Refrigerated Trucks
371,ASSET,Level_002,ASSET#TRANSPORT_EQP,BUSES,Buses
372,ASSET,Level_002,ASSET#TRANSPORT_EQP,CARGO_EQP,Cargo Handling Equipment
373,ASSET,Level_002,ASSET#TRANSPORT_EQP,TOW_TRUCKS,Tow Trucks
374,ASSET,Level_002,ASSET#TRANSPORT_EQP,COMMERCIAL_VEHICLES,Commercial Vehicles
375,ASSET,Level_002,ASSET#AUTOMOTIVE_EQUIPMENT,ENGINES,Engines
376,ASSET,Level_002,ASSET#AUTOMOTIVE_EQUIPMENT,TRANSMISSIONS,Transmissions
377,ASSET,Level_002,ASSET#AUTOMOTIVE_EQUIPMENT,TIRES,Tires
378,ASSET,Level_002,ASSET#AUTOMOTIVE_EQUIPMENT,BATTERY,Batteries
379,ASSET,Level_002,ASSET#AUTOMOTIVE_EQUIPMENT,ALTERNATORS,Alternators
380,ASSET,Level_002,ASSET#AUTOMOTIVE_EQUIPMENT,RADIATOR,Radiators
381,ASSET,Level_002,ASSET#AUTOMOTIVE_EQUIPMENT,BRAKES,Brakes
382,ASSET,Level_002,ASSET#AUTOMOTIVE_EQUIPMENT,EXHAUST SYSTEMS,Exhaust Systems
383,ASSET,Level_002,ASSET#AUTOMOTIVE_EQUIPMENT,AC_UNITS,Air Conditioning Units
384,ASSET,Level_002,ASSET#AUTOMOTIVE_EQUIPMENT,SUSPENSION_SYSTEMS,Suspension Systems
385,ASSET,Level_002,ASSET#AUTOMOTIVE_EQUIPMENT,STEERING_SYSTEMS,Steering Systems
386,ASSET,Level_002,ASSET#AUTOMOTIVE_EQUIPMENT,AUTOMOTIVE_TOOLS,Automotive Tools
387,ASSET,Level_002,ASSET#AUTOMOTIVE_EQUIPMENT,VEHICLE_LIFTS,Vehicle Lifts
388,ASSET,Level_002,ASSET#AUTOMOTIVE_EQUIPMENT,DIAGNOSTIC_EQUIPMENT,Diagnostic Equipment
389,ASSET,Level_002,ASSET#AUTOMOTIVE_EQUIPMENT,FUEL_PUMPS,Fuel Pumps
390,ASSET,Level_002,ASSET#AUTOMOTIVE_EQUIPMENT,LIGHTS,Lights and Lighting Systems
391,ASSET,Level_002,ASSET#MEDIA_EQUIPMENT,CAMERAS,Cameras
392,ASSET,Level_002,ASSET#MEDIA_EQUIPMENT,VIDEO_RECORDERS,Video Recorders
393,ASSET,Level_002,ASSET#MEDIA_EQUIPMENT,MICROPHONES,Microphones
394,ASSET,Level_002,ASSET#MEDIA_EQUIPMENT,AUDIO_MIXERS,Audio Mixers
395,ASSET,Level_002,ASSET#MEDIA_EQUIPMENT,PROJECTORS,Projectors
396,ASSET,Level_002,ASSET#MEDIA_EQUIPMENT,BROADCAST_EQUIPMENT,Broadcast Equipment
397,ASSET,Level_002,ASSET#MEDIA_EQUIPMENT,LIGHTING_EQUIPMENT,Lighting Equipment
398,ASSET,Level_002,ASSET#MEDIA_EQUIPMENT,TELEPROMPTERS,Teleprompters
399,ASSET,Level_002,ASSET#MEDIA_EQUIPMENT,STUDIO_MONITORS,Studio Monitors
400,ASSET,Level_002,ASSET#MEDIA_EQUIPMENT,SOUND_SYSTEMS,Sound Systems
401,ASSET,Level_002,ASSET#MEDIA_EQUIPMENT,VIDEO_SWITCHERS,Video Switchers
402,ASSET,Level_002,ASSET#MEDIA_EQUIPMENT,EDITING_EQUIPMENT,Editing Equipment
403,ASSET,Level_002,ASSET#MEDIA_EQUIPMENT,VIDEO_CAMERAS,Video Cameras
404,ASSET,Level_002,ASSET#MEDIA_EQUIPMENT,AUDIO_RECORDERS,Audio Recorders
405,ASSET,Level_002,ASSET#MEDIA_EQUIPMENT,DRONES,Drones
406,ASSET,Level_002,ASSET#MEDIA_EQUIPMENT,GREEN_SCREENS,Green Screens
407,ASSET,Level_002,ASSET#MAINTENANCE_EQUIPMENT,POWER_TOOLS,Power Tools
408,ASSET,Level_002,ASSET#MAINTENANCE_EQUIPMENT,HAND_TOOLS,Hand Tools
409,ASSET,Level_002,ASSET#MAINTENANCE_EQUIPMENT,WELDING_EQP,Welding Equipment
410,ASSET,Level_002,ASSET#MAINTENANCE_EQUIPMENT,LADDERS,Ladders
411,ASSET,Level_002,ASSET#MAINTENANCE_EQUIPMENT,PUMP,Pumps
412,ASSET,Level_002,ASSET#MAINTENANCE_EQUIPMENT,PRESSURE_WASHER,Pressure Washers
413,ASSET,Level_002,ASSET#MAINTENANCE_EQUIPMENT,AIR_COMPRESSOR,Air Compressors
414,ASSET,Level_002,ASSET#MAINTENANCE_EQUIPMENT,HVAC_MAINTENANCE_TOOLS,HVAC Maintenance Tools
415,ASSET,Level_002,ASSET#MAINTENANCE_EQUIPMENT,LUBRICATION,Lubrication Systems
416,ASSET,Level_002,ASSET#MAINTENANCE_EQUIPMENT,MEASURING_INSTRUMENTS,Measuring Instruments
417,ASSET,Level_002,ASSET#MAINTENANCE_EQUIPMENT,CRANE_INSPECTION_TOOLS,Crane Inspection Tools
418,ASSET,Level_002,ASSET#MAINTENANCE_EQUIPMENT,DIAGNOSTIC_EQP,Diagnostic Equipment
419,ASSET,Level_002,ASSET#MAINTENANCE_EQUIPMENT,ELECTRICAL_TESTING,Electrical Testing Equipment
420,ASSET,Level_002,ASSET#MAINTENANCE_EQUIPMENT,FORKLIFTS_MHE,Forklifts and Material Handling Tools
421,ASSET,Level_002,ASSET#MAINTENANCE_EQUIPMENT,MAINTENANCE_GENERATORS,Generators
422,ASSET,Level_002,ASSET#MAINTENANCE_EQUIPMENT,MAINTENANCE_LIFTS,Maintenance Lifts
423,ASSET,Level_002,ASSET#MAINTENANCE_EQUIPMENT,TOOL_STORAGESYSTEMS,Tool Storage Systems
424,ASSET,Level_002,ASSET#PACKAGING_MACHINERY,LABELING_MACHINES,Labeling Machines
425,ASSET,Level_002,ASSET#PACKAGING_MACHINERY,FILLING_MACHINES,Filling Machines
426,ASSET,Level_002,ASSET#PACKAGING_MACHINERY,SEALING_MACHINES,Sealing Machines
427,ASSET,Level_002,ASSET#PACKAGING_MACHINERY,CAPPING_MACHINES,Capping Machines
428,ASSET,Level_002,ASSET#PACKAGING_MACHINERY,WRAPPING_MACHINES,Wrapping Machines
429,ASSET,Level_002,ASSET#PACKAGING_MACHINERY,CARTONING_MACHINES,Cartoning Machines
430,ASSET,Level_002,ASSET#PACKAGING_MACHINERY,STRETCHWRAPPING_MACHINES,Stretch Wrapping Machines
431,ASSET,Level_002,ASSET#PACKAGING_MACHINERY,CASEERECTING_MACHINES,Case Erecting Machines
432,ASSET,Level_002,ASSET#PACKAGING_MACHINERY,PALLETIZING_MACHINES,Palletizing Machines
433,ASSET,Level_002,ASSET#PACKAGING_MACHINERY,SHRINKWRAPPING_MACHINES,Shrink Wrapping Machines
434,ASSET,Level_002,ASSET#PACKAGING_MACHINERY,MARKING_MACHINES,Coding and Marking Machines
435,ASSET,Level_002,ASSET#PACKAGING_MACHINERY,BAGGING_MACHINES,Bagging Machines
436,ASSET,Level_002,ASSET#PACKAGING_MACHINERY,BLISTER_PACKAGING,Blister Packaging Machines
437,ASSET,Level_002,ASSET#PACKAGING_MACHINERY,VACUUM_PACKAGING,Vacuum Packaging Machines
438,ASSET,Level_002,ASSET#PACKAGING_MACHINERY,AUTOMATED_PACKAGING,Automated Packaging Systems
439,ASSET,Level_002,ASSET#PACKAGING_MACHINERY,BOTTLE_RINSING,Bottle Rinsing and Filling Machines
440,ASSET,Level_002,ASSET#LAB_EQP,MICROSCOPES,Microscopes
441,ASSET,Level_002,ASSET#LAB_EQP,CENTRIFUGES,Centrifuges
442,ASSET,Level_002,ASSET#LAB_EQP,INCUBATORS,Incubators
443,ASSET,Level_002,ASSET#LAB_EQP,SPECTROPHOTOMETERS,Spectrophotometers
444,ASSET,Level_002,ASSET#LAB_EQP,AUTOCLAVES,Autoclaves
445,ASSET,Level_002,ASSET#LAB_EQP,PH_METERS,pH Meters
446,ASSET,Level_002,ASSET#LAB_EQP,PIPETTES,Pipettes
447,ASSET,Level_002,ASSET#LAB_EQP,FUME_HOODS,Fume Hoods
448,ASSET,Level_002,ASSET#LAB_EQP,BUNSEN_BURNERS,Bunsen Burners
449,ASSET,Level_002,ASSET#LAB_EQP,LABORATORY_OVENS,Laboratory Ovens
450,ASSET,Level_002,ASSET#LAB_EQP,SHAKERS,Shakers
451,ASSET,Level_002,ASSET#LAB_EQP,WATER_PURIFICATION,Water Purification Systems
452,ASSET,Level_002,ASSET#LAB_EQP,ANALYTICAL_SCALES,Analytical Scales
453,ASSET,Level_002,ASSET#LAB_EQP,GLASSWARE,"Glassware (Beakers, Flasks, etc.)"
454,ASSET,Level_002,ASSET#LAB_EQP,LIQUID_HANDLING,Liquid Handling Systems
455,ASSET,Level_002,ASSET#BATTERIES,LEADACID,Lead-Acid Batteries
456,ASSET,Level_002,ASSET#BATTERIES,LITHIUMION,Lithium-Ion Batteries
457,ASSET,Level_002,ASSET#BATTERIES,NICD,Nickel-Cadmium (NiCd) Batteries
458,ASSET,Level_002,ASSET#BATTERIES,NIMH,Nickel-Metal Hydride (NiMH) Batteries
459,ASSET,Level_002,ASSET#BATTERIES,ALKALINE,Alkaline Batteries
460,ASSET,Level_002,ASSET#BATTERIES,ZINC_BATTERIES,Zinc-Carbon Batteries
461,ASSET,Level_002,ASSET#BATTERIES,LITHIUM_BATTERIES,Lithium Polymer Batteries
462,ASSET,Level_002,ASSET#BATTERIES,RECHARGEABLE_BATTERIES,Rechargeable Batteries
463,ASSET,Level_002,ASSET#BATTERIES,NONRECHARGEABLE_BATTERIES,Primary (Non-rechargeable) Batteries
464,ASSET,Level_002,ASSET#BATTERIES,BUTTON_BATTERIES,Button Cell Batteries
465,ASSET,Level_002,ASSET#BATTERIES,CAR_BATTERIES,Car Batteries
466,ASSET,Level_002,ASSET#BATTERIES,SOLAR_BATTERIES,Solar Batteries
467,ASSET,Level_002,ASSET#BATTERIES,UPS_BATTERIES,UPS Batteries
468,ASSET,Level_002,ASSET#BATTERIES,COINCELL_BATTERIES,Coin Cell Batteries
469,ASSET,Level_002,ASSET#BATTERIES,AGM_BATTERIES,AGM (Absorbent Glass Mat) Batteries
470,ASSET,Level_002,ASSET#ELECTRONIC_COMPONENTS ,RESISTORS,Resistors
471,ASSET,Level_002,ASSET#ELECTRONIC_COMPONENTS ,CAPACITORS,Capacitors
472,ASSET,Level_002,ASSET#ELECTRONIC_COMPONENTS ,DIODES,Diodes
473,ASSET,Level_002,ASSET#ELECTRONIC_COMPONENTS ,TRANSISTORS,Transistors
474,ASSET,Level_002,ASSET#ELECTRONIC_COMPONENTS ,ICS,Integrated Circuits (ICs)
475,ASSET,Level_002,ASSET#ELECTRONIC_COMPONENTS ,CONNECTORS,Connectors
476,ASSET,Level_002,ASSET#ELECTRONIC_COMPONENTS ,INDUCTORS,Inductors
477,ASSET,Level_002,ASSET#ELECTRONIC_COMPONENTS ,OSCILLATORS,Oscillators
478,ASSET,Level_002,ASSET#ELECTRONIC_COMPONENTS ,TRANSFORMERS,Transformers
479,ASSET,Level_002,ASSET#ELECTRONIC_COMPONENTS ,LEDS,LEDs (Light Emitting Diodes)
480,ASSET,Level_002,ASSET#ELECTRONIC_COMPONENTS ,SENSORS,Sensors
481,ASSET,Level_002,ASSET#ELECTRONIC_COMPONENTS ,MICROCONTROLLERS,Microcontrollers
482,ASSET,Level_002,ASSET#ELECTRONIC_COMPONENTS ,FUSES,Fuses
483,ASSET,Level_002,ASSET#ELECTRONIC_COMPONENTS ,SWITCH,Switches
484,ASSET,Level_002,ASSET#ELECTRONIC_COMPONENTS ,RELAYS,Relays
485,ASSET,Level_002,ASSET#ELECTRONIC_COMPONENTS ,POTENTIOMETERS,Potentiometers
486,ASSET,Level_002,ASSET#ELECTRONIC_COMPONENTS ,CRYSTAL_OSCILLATORS,Crystal Oscillators
487,ASSET,Level_002,ASSET#ELECTRONIC_COMPONENTS ,CIRCUIT_BREAKERS,Circuit Breakers
488,ASSET,Level_002,ASSET#KITCHEN_EQUIPMENT,OVENS,Ovens
489,ASSET,Level_002,ASSET#KITCHEN_EQUIPMENT,STOVES,Stoves
490,ASSET,Level_002,ASSET#KITCHEN_EQUIPMENT,MICROWAVES,Microwaves
491,ASSET,Level_002,ASSET#KITCHEN_EQUIPMENT,REFRIGERATORS,Refrigerators
492,ASSET,Level_002,ASSET#KITCHEN_EQUIPMENT,DISHWASHERS,Dishwashers
493,ASSET,Level_002,ASSET#KITCHEN_EQUIPMENT,GRILLS,Grills
494,ASSET,Level_002,ASSET#KITCHEN_EQUIPMENT,FRYERS,Fryers
495,ASSET,Level_002,ASSET#KITCHEN_EQUIPMENT,FOOD_PROCESSORS,Food Processors
496,ASSET,Level_002,ASSET#KITCHEN_EQUIPMENT,BLENDERS,Blenders
497,ASSET,Level_002,ASSET#KITCHEN_EQUIPMENT,COFFEE_MAKERS,Coffee Makers
498,ASSET,Level_002,ASSET#KITCHEN_EQUIPMENT,TOASTERS,Toasters
499,ASSET,Level_002,ASSET#KITCHEN_EQUIPMENT,MIXERS,Mixers
500,ASSET,Level_002,ASSET#KITCHEN_EQUIPMENT,DEEP_FRYERS,Deep Fryers
501,ASSET,Level_002,ASSET#KITCHEN_EQUIPMENT,ICE_MAKERS,Ice Makers
502,ASSET,Level_002,ASSET#KITCHEN_EQUIPMENT,SLICERS,Slicers
503,ASSET,Level_002,ASSET#KITCHEN_EQUIPMENT,STEAMERS,Steamers
504,ASSET,Level_002,ASSET#KITCHEN_EQUIPMENT,COFFEE_GRINDERS,Coffee Grinders
505,ASSET,Level_002,ASSET#KITCHEN_EQUIPMENT,WATER_HEATERS,Water Heaters
506,ASSET,Level_002,ASSET#KITCHEN_EQUIPMENT,WARMING_DRAWERS,Warming Drawers
507,ASSET,Level_002,ASSET#KITCHEN_EQUIPMENT,COUNTERTOP_BURNERS,Countertop Burners
508,CURRENCY,Level_001,CURRENCY,USD,USD
509,CURRENCY,Level_001,CURRENCY,EUR ,EUR 
510,CURRENCY,Level_001,CURRENCY,GBP ,GBP 
511,CURRENCY,Level_001,CURRENCY,INR,INR 
512,SENIORITY,Level_001,SENIORITY,CSUITE,C-Suite
513,SENIORITY,Level_001,SENIORITY,VICE_PRESIDENT,Vice President
514,SENIORITY,Level_001,SENIORITY,DIRECTORS,Directors
515,SENIORITY,Level_001,SENIORITY,MANAGERS,Managers
516,SENIORITY,Level_001,SENIORITY,ASSOCIATES,Associates
517,SENIORITY,Level_001,SENIORITY,ANALYSTS,Analysts
518,SENIORITY,Level_001,SENIORITY,ENTRYLEVEL,Entry-Level
519,SENIORITY,Level_001,SENIORITY,CONSULTANT,Consultant
520,SENIORITY,Level_001,SENIORITY,FREELANCER,Freelancer
521,SENIORITY,Level_001,SENIORITY,CONTRACTOR,Contractor
522,UOM,Level_001,UOM,PIECE,Piece
523,UOM,Level_001,UOM,KILOGRAM,Kilogram
524,UOM,Level_001,UOM,GRAM,Gram
525,UOM,Level_001,UOM,MILLIGRAM,Milligram
526,UOM,Level_001,UOM,METRIC TON,Metric Ton
527,UOM,Level_001,UOM,POUND,Pound
528,UOM,Level_001,UOM,OUNCE,Ounce
529,UOM,Level_001,UOM,LITRE,Litre
530,UOM,Level_001,UOM,MILLILITRE,Millilitre
531,UOM,Level_001,UOM,CUBIC_METER,Cubic Meter
532,UOM,Level_001,UOM,CUBIC_CENTIMETER,Cubic Centimeter
533,UOM,Level_001,UOM,SQUARE_METER,Square Meter
534,UOM,Level_001,UOM,SQUARE_FOOT,Square Foot
535,UOM,Level_001,UOM,INCH,Inch
536,UOM,Level_001,UOM,FOOT,Foot
537,UOM,Level_001,UOM,YARD,Yard
538,UOM,Level_001,UOM,METER,Meter
539,UOM,Level_001,UOM,KILOMETER,Kilometer
540,UOM,Level_001,UOM,MILE,Mile
541,UOM,Level_001,UOM,GALLON,Gallon
542,UOM,Level_001,UOM,QUART,Quart
543,UOM,Level_001,UOM,PINT,Pint
544,UOM,Level_001,UOM,HOUR,Hour
545,UOM,Level_001,UOM,MINUTE,Minute
546,UOM,Level_001,UOM,SECOND,Second
547,UOM,Level_001,UOM,PACK,Pack
548,UOM,Level_001,UOM,SET,Set
549,UOM,Level_001,UOM,DOZEN,Dozen
550,UOM,Level_001,UOM,PAIR,Pair
551,UOM,Level_001,UOM,BOX,Box
552,UOM,Level_001,UOM,CARTON,Carton
553,UOM,Level_001,UOM,BARREL,Barrel
554,MODE_OF_CONTACT ,Level_001,MODE_OF_CONTACT ,EMAIL,Email
555,MODE_OF_CONTACT ,Level_001,MODE_OF_CONTACT ,PHONE_CALL,Phone Call
556,MODE_OF_CONTACT ,Level_001,MODE_OF_CONTACT ,TEXT_MESSAGE,Text Message
557,MODE_OF_CONTACT ,Level_001,MODE_OF_CONTACT ,WHATSAPP,WhatsApp
558,MODE_OF_CONTACT ,Level_001,MODE_OF_CONTACT ,VIDEO_CALL,Video Call
559,MODE_OF_CONTACT ,Level_001,MODE_OF_CONTACT ,FACEBOOK_MESSENGER,Facebook Messenger
560,MODE_OF_CONTACT ,Level_001,MODE_OF_CONTACT ,INSTAGRAM,Instagram Direct Message
561,MODE_OF_CONTACT ,Level_001,MODE_OF_CONTACT ,TWITTER,Twitter/X
562,MODE_OF_CONTACT ,Level_001,MODE_OF_CONTACT ,LINKEDIN,LinkedIn Message
563,MODE_OF_CONTACT ,Level_001,MODE_OF_CONTACT ,EVENTS,Events
564,MODE_OF_CONTACT ,Level_001,MODE_OF_CONTACT ,TELEGRAM,Telegram
565,MODE_OF_CONTACT ,Level_001,MODE_OF_CONTACT ,WEB_FORM_SUBMISSION,Web Form Submission
566,PRICING_PLAN,Level_001,PRICING_PLAN,YEARLY,Yearly
567,PRICING_PLAN,Level_001,PRICING_PLAN,QUARTERLY,Quarterly
568,PRICING_PLAN,Level_001,PRICING_PLAN,MONTHLY,Monthly
569,PRICING_PLAN,Level_001,PRICING_PLAN,WEEKLY,Weekly
570,PRICING_PLAN,Level_001,PRICING_PLAN,DAILY,Daily
571,PRICING_PLAN,Level_001,PRICING_PLAN,HOURLY,Hourly
572,PRICING_PLAN,Level_001,PRICING_PLAN,USAGE_BASED,Usage-Based
573,COST_TYPE,Level_001,COST_TYPE,STANDARD_COST,Standard Cost
574,COST_TYPE,Level_001,COST_TYPE,WEIGHTEDAVERAGE_COST,Weighted Average Cost
575,COST_TYPE,Level_001,COST_TYPE,FIFO,FIFO
576,COST_TYPE,Level_001,COST_TYPE,LIFO,LIFO
577,COST_TYPE,Level_001,COST_TYPE,PROCUREMENT_PLAN,By Procurement Plan
578,PROCUREMENT_TYPE,Level_001,PROCUREMENT_TYPE,ONE_TIME,One Time
579,PROCUREMENT_TYPE,Level_001,PROCUREMENT_TYPE,SUBSCRIPTION,Subscription
580,PROCUREMENT_TYPE,Level_001,PROCUREMENT_TYPE,USAGE,Usage-based
581,COMPANY_SIZE,Level_001,COMPANY_SIZE,SME,SME
582,COMPANY_SIZE,Level_001,COMPANY_SIZE,ENTERPRISE,Enterprise
583,COMPANY_SIZE,Level_001,COMPANY_SIZE,INDIVIDUAL,Individual
584,ACTIVITY,Level_001,ACTIVITY,PRODUCTION,Production
585,ACTIVITY,Level_001,ACTIVITY,MAINTENANCEUPD,Maintenance
586,ACTIVITY,Level_001,ACTIVITY,OTHER_ACTIVITY,Other
587,ACTIVITY,Level_001,ACTIVITY,QC,Quality Control
588,ACTIVITY,Level_001,ACTIVITY,ADMINISTRATIVE,Administrative
589,ACTIVITY,Level_001,ACTIVITY,TRAININGUPD,Training
590,ACTIVITY,Level_001,ACTIVITY,SAFETYUPD,Safety
591,ACTIVITY,Level_001,ACTIVITY,LOGISTICSUPD,Logistics
592,ACTIVITY,Level_001,ACTIVITY,CUSTOMER_SUPPORT,Customer Support
593,ACTIVITY,Level_001,ACTIVITY,DOCUMENTATION,Documentation
594,ACTIVITY,Level_001,ACTIVITY,RND,Research & Development
595,ACTIVITY,Level_001,ACTIVITY,TESTING,Testing
596,ACTIVITY,Level_001,ACTIVITY,INSTALLATIONS,Installation
597,ACTIVITY,Level_001,ACTIVITY,CLEANINGUPD,Cleaning
598,ACTIVITY,Level_002,ACTIVITY#PRODUCTION,ASSEMBLYUPD,Assembly
599,ACTIVITY,Level_002,ACTIVITY#PRODUCTION,MANUFACTURING,Manufacturing
600,ACTIVITY,Level_002,ACTIVITY#PRODUCTION,PACKAGINGUPD,Packaging
601,ACTIVITY,Level_002,ACTIVITY#PRODUCTION,MACHINE_OPERATION,Machine Operation
602,ACTIVITY,Level_002,ACTIVITY#PRODUCTION,QUALITY CHECK,Quality Check
603,ACTIVITY,Level_002,ACTIVITY#PRODUCTION,PRODUCT_TESTING,Product Testing
604,ACTIVITY,Level_002,ACTIVITY#PRODUCTION,SORTING,Sorting
605,ACTIVITY,Level_002,ACTIVITY#PRODUCTION,WEIGHING,Weighing
606,ACTIVITY,Level_002,ACTIVITY#PRODUCTION,BATCH_PREPARATION,Batch Preparation
607,ACTIVITY,Level_002,ACTIVITY#PRODUCTION,PRODUCTION_PLANNING,Production Planning
608,ACTIVITY,Level_002,ACTIVITY#PRODUCTION,WASTE_MANAGEMENT,Waste Management
609,ACTIVITY,Level_002,ACTIVITY#PRODUCTION,LABELING,Labeling
610,ACTIVITY,Level_002,ACTIVITY#PRODUCTION,PRODUCT_INSPECTION,Product Inspection
611,ACTIVITY,Level_002,ACTIVITY#PRODUCTION,FINISHING,Finishing
612,ACTIVITY,Level_002,ACTIVITY#MAINTENANCEUPD,PREVENTIVE,Preventive Maintenance
613,ACTIVITY,Level_002,ACTIVITY#MAINTENANCEUPD,CORRECTIVE_MAINTENANCE,Corrective Maintenance
614,ACTIVITY,Level_002,ACTIVITY#MAINTENANCEUPD,EQUIPMENT_INSPECTION,Equipment Inspection
615,ACTIVITY,Level_002,ACTIVITY#MAINTENANCEUPD,TROUBLESHOOTING,Troubleshooting
616,ACTIVITY,Level_002,ACTIVITY#MAINTENANCEUPD,ROUTINE_CHECKUP,Routine Checkup
617,ACTIVITY,Level_002,ACTIVITY#MAINTENANCEUPD,CLEANINGUPDT,Cleaning and Lubrication
618,ACTIVITY,Level_002,ACTIVITY#MAINTENANCEUPD,CALIBRATION,Calibration
619,ACTIVITY,Level_002,ACTIVITY#MAINTENANCEUPD,PARTS_REPLACEMENT,Parts Replacement
620,ACTIVITY,Level_002,ACTIVITY#MAINTENANCEUPD,EMERGENCY_REPAIR,Emergency Repair
621,ACTIVITY,Level_002,ACTIVITY#MAINTENANCEUPD,DIAGNOSTICS,Diagnostics
622,ACTIVITY,Level_002,ACTIVITY#MAINTENANCEUPD,CONDITION_MONITORING,Condition Monitoring
623,ACTIVITY,Level_002,ACTIVITY#MAINTENANCEUPD,SYSTEM_UPGRADES,System Upgrades
624,ACTIVITY,Level_002,ACTIVITY#MAINTENANCEUPD,FACILITY_MAINTENANCE,Facility Maintenance
625,ACTIVITY,Level_002,ACTIVITY#MAINTENANCEUPD,ELECTRICAL_MAINTENANCE,Electrical Maintenance
626,ACTIVITY,Level_002,ACTIVITY#MAINTENANCEUPD,HVAC_MAINTENANCE,HVAC Maintenance
627,ACTIVITY,Level_002,ACTIVITY#MAINTENANCEUPD,MECHANICAL_MAINTENANCE,Mechanical Maintenance
628,ACTIVITY,Level_002,ACTIVITY#MAINTENANCEUPD,SAFETY_CHECK,Safety Check
629,ACTIVITY,Level_002,ACTIVITY#MAINTENANCEUPD,RECORD_KEEPING,Record Keeping
630,ACTIVITY,Level_002,ACTIVITY#INSPECTION,SAFETY_INSPECTION,Safety Inspection
631,ACTIVITY,Level_002,ACTIVITY#INSPECTION,QUALITY_INSPECTION,Quality Inspection
632,ACTIVITY,Level_002,ACTIVITY#INSPECTION,EQUIPMENT_INSPECTIONS,Equipment Inspection
633,ACTIVITY,Level_002,ACTIVITY#INSPECTION,FACILITY_INSPECTION,Facility Inspection
634,ACTIVITY,Level_002,ACTIVITY#INSPECTION,INCOMING_MATERIAL_INSPECTION,Incoming Material Inspection
635,ACTIVITY,Level_002,ACTIVITY#INSPECTION,OUTGOING_PRODUCT_INSPECTION,Outgoing Product Inspection
636,ACTIVITY,Level_002,ACTIVITY#INSPECTION,COMPLIANCE_AUDIT,Compliance Audit
637,ACTIVITY,Level_002,ACTIVITY#INSPECTION,ENVIRONMENTAL_INSPECTION,Environmental Inspection
638,ACTIVITY,Level_002,ACTIVITY#INSPECTION,PROCESS_INSPECTION,Process Inspection
639,ACTIVITY,Level_002,ACTIVITY#INSPECTION,VISUAL_INSPECTION,Visual Inspection
640,ACTIVITY,Level_002,ACTIVITY#INSPECTION,DIMENSIONAL_INSPECTION,Dimensional Inspection
641,ACTIVITY,Level_002,ACTIVITY#INSPECTION,FUNCTIONAL_TESTING,Functional Testing
642,ACTIVITY,Level_002,ACTIVITY#INSPECTION,DOCUMENTATION_REVIEW,Documentation Review
643,ACTIVITY,Level_002,ACTIVITY#INSPECTION,CERTIFICATION_INSPECTION,Certification Inspection
644,ACTIVITY,Level_002,ACTIVITY#INSPECTION,ROUTINE_SITE_WALKTHROUGH,Routine Site Walkthrough
645,ACTIVITY,Level_002,ACTIVITY#INSPECTION,DAMAGE_ASSESSMENT,Damage Assessment
646,ACTIVITY,Level_002,ACTIVITY#INSPECTION,REGULATORY_COMPLIANCE_CHECK,Regulatory Compliance Check
647,ACTIVITY,Level_002,ACTIVITY#INSPECTION,RISK_ASSESSMENT,Risk Assessment
648,ACTIVITY,Level_002,ACTIVITY#QC,SAMPLING,Sampling
649,ACTIVITY,Level_002,ACTIVITY#QC,INPROCESS_QUALITY_CHECK,In-Process Quality Check
650,ACTIVITY,Level_002,ACTIVITY#QC,FINAL_PRODUCT_INSPECTION,Final Product Inspection
651,ACTIVITY,Level_002,ACTIVITY#QC,INCOMING_MATERIAL_QUALITY_CHECK,Incoming Material Quality Check
652,ACTIVITY,Level_002,ACTIVITY#QC,BATCH_TESTING,Batch Testing
653,ACTIVITY,Level_002,ACTIVITY#QC,STATISTICAL_QUALITY_CONTROL,Statistical Quality Control
654,ACTIVITY,Level_002,ACTIVITY#QC,DEFECT_ANALYSIS,Defect Analysis
655,ACTIVITY,Level_002,ACTIVITY#QC,TOLERANCE_VERIFICATION,Tolerance Verification
656,ACTIVITY,Level_002,ACTIVITY#QC,PERFORMANCE_TESTING,Performance Testing
657,ACTIVITY,Level_002,ACTIVITY#QC,FUNCTIONAL_TEST,Functional Testing
658,ACTIVITY,Level_002,ACTIVITY#QC,VISUAL_INSPECTIONS,Visual Inspection
659,ACTIVITY,Level_002,ACTIVITY#QC,DOC_REVIEWS,Documentation Review
660,ACTIVITY,Level_002,ACTIVITY#QC,QUALITY_AUDITS,Quality Audits
661,ACTIVITY,Level_002,ACTIVITY#QC,COMPLIANCE_TESTING,Compliance Testing
662,ACTIVITY,Level_002,ACTIVITY#QC,NONCONFORMANCE_REPORTING,Non-Conformance Reporting
663,ACTIVITY,Level_002,ACTIVITY#QC,CAPA,Corrective and Preventive Actions (CAPA)
664,ACTIVITY,Level_002,ACTIVITY#QC,PRODUCT_RELEASE_APPROVAL,Product Release Approval
665,ACTIVITY,Level_002,ACTIVITY#QC,REWORK_ASSESSMENT,Rework Assessment
666,ACTIVITY,Level_002,ACTIVITY#ADMINISTRATIVE,DATA_ENTRY,Data Entry
667,ACTIVITY,Level_002,ACTIVITY#ADMINISTRATIVE,DOCUMENT_MANAGEMENT,Document Management
668,ACTIVITY,Level_002,ACTIVITY#ADMINISTRATIVE,SCHEDULING,Scheduling
669,ACTIVITY,Level_002,ACTIVITY#ADMINISTRATIVE,MEETING_COORDINATION,Meeting Coordination
670,ACTIVITY,Level_002,ACTIVITY#ADMINISTRATIVE,REPORTING,Reporting
671,ACTIVITY,Level_002,ACTIVITY#ADMINISTRATIVE,FILING_AND_RECORD_KEEPING,Filing and Record Keeping
672,ACTIVITY,Level_002,ACTIVITY#ADMINISTRATIVE,PAYROLL_PROCESSING,Payroll Processing
673,ACTIVITY,Level_002,ACTIVITY#ADMINISTRATIVE,BUDGET_TRACKING,Budget Tracking
674,ACTIVITY,Level_002,ACTIVITY#ADMINISTRATIVE,PROCUREMENT,Procurement
675,ACTIVITY,Level_002,ACTIVITY#ADMINISTRATIVE,INVENTORY_MANAGEMENT,Inventory Management
676,ACTIVITY,Level_002,ACTIVITY#ADMINISTRATIVE,OFFICE_SUPPLIES_MANAGEMENT,Office Supplies Management
677,ACTIVITY,Level_002,ACTIVITY#ADMINISTRATIVE,EMAIL_CORRESPONDENCE,Email Correspondence
678,ACTIVITY,Level_002,ACTIVITY#ADMINISTRATIVE,TRAVEL_ARRANGEMENTS,Travel Arrangements
679,ACTIVITY,Level_002,ACTIVITY#ADMINISTRATIVE,INTERNAL_COMMUNICATION,Internal Communication
680,ACTIVITY,Level_002,ACTIVITY#ADMINISTRATIVE,POLICY_COMPLIANCE,Policy Compliance
681,ACTIVITY,Level_002,ACTIVITY#ADMINISTRATIVE,INVOICE_PROCESSING,Invoice Processing
682,ACTIVITY,Level_002,ACTIVITY#ADMINISTRATIVE,VISITOR_MANAGEMENT,Visitor Management
683,ACTIVITY,Level_002,ACTIVITY#ADMINISTRATIVE,STAFF_ONBOARDING,Staff Onboarding
684,ACTIVITY,Level_002,ACTIVITY#TRAININGUPD,ONBOARDING_TRAINING,Onboarding Training
685,ACTIVITY,Level_002,ACTIVITY#TRAININGUPD,SKILLS_DEVELOPMENT,Skills Development
686,ACTIVITY,Level_002,ACTIVITY#TRAININGUPD,SAFETY_TRAINING,Safety Training
687,ACTIVITY,Level_002,ACTIVITY#TRAININGUPD,COMPLIANCE_TRAINING,Compliance Training
688,ACTIVITY,Level_002,ACTIVITY#TRAININGUPD,TECHNICAL_TRAINING,Technical Training
689,ACTIVITY,Level_002,ACTIVITY#TRAININGUPD,PRODUCT_KNOWLEDGE_TRAINING,Product Knowledge Training
690,ACTIVITY,Level_002,ACTIVITY#TRAININGUPD,LEADERSHIP_DEVELOPMENT,Leadership Development
691,ACTIVITY,Level_002,ACTIVITY#TRAININGUPD,SOFT_SKILLS_TRAINING,Soft Skills Training
692,ACTIVITY,Level_002,ACTIVITY#TRAININGUPD,SYSTEM_TRAINING,System/Software Training
693,ACTIVITY,Level_002,ACTIVITY#TRAININGUPD,QUALITY_STANDARDS_TRAINING,Quality Standards Training
694,ACTIVITY,Level_002,ACTIVITY#TRAININGUPD,REFRESHER_TRAINING,Refresher Training
695,ACTIVITY,Level_002,ACTIVITY#TRAININGUPD,HANDS-ON_TRAINING,Hands-On Training
696,ACTIVITY,Level_002,ACTIVITY#TRAININGUPD,CERTIFICATION_PREPARATION,Certification Preparation
697,ACTIVITY,Level_002,ACTIVITY#TRAININGUPD,EQUIPMENT_OPERATION_TRAINING,Equipment Operation Training
698,ACTIVITY,Level_002,ACTIVITY#TRAININGUPD,CUSTOMER_SERVICE_TRAINING,Customer Service Training
699,ACTIVITY,Level_002,ACTIVITY#TRAININGUPD,CROSSFUNCTIONAL_TRAINING,Cross-Functional Training
700,ACTIVITY,Level_002,ACTIVITY#TRAININGUPD,ROLESPECIFIC_TRAINING,Role-Specific Training
701,ACTIVITY,Level_002,ACTIVITY#TRAININGUPD,PERFORMANCE_REVIEW_TRAINING,Performance Review Training
702,ACTIVITY,Level_002,ACTIVITY#SAFETYUPD,HAZARD_IDENTIFICATION,Hazard Identification
703,ACTIVITY,Level_002,ACTIVITY#SAFETYUPD,SAFETY_AUDITS,Safety Audits
704,ACTIVITY,Level_002,ACTIVITY#SAFETYUPD,RISK_ASSESSMENTS,Risk Assessment
705,ACTIVITY,Level_002,ACTIVITY#SAFETYUPD,EMERGENCY_DRILLS,Emergency Drills
706,ACTIVITY,Level_002,ACTIVITY#SAFETYUPD,PPE,Personal Protective Equipment (PPE) Check
707,ACTIVITY,Level_002,ACTIVITY#SAFETYUPD,SAFETY_TRAININGS,Safety Training
708,ACTIVITY,Level_002,ACTIVITY#SAFETYUPD,FIRE_SAFETY_INSPECTION,Fire Safety Inspection
709,ACTIVITY,Level_002,ACTIVITY#SAFETYUPD,EQUIPMENT_SAFETY_CHECK,Equipment Safety Check
710,ACTIVITY,Level_002,ACTIVITY#SAFETYUPD,INCIDENT_REPORTING,Incident Reporting
711,ACTIVITY,Level_002,ACTIVITY#SAFETYUPD,FIRST_AID_INSPECTION,First Aid Inspection
712,ACTIVITY,Level_002,ACTIVITY#SAFETYUPD,LOCKOUTTAGOUT_PROCEDURE,Lockout/Tagout Procedure
713,ACTIVITY,Level_002,ACTIVITY#SAFETYUPD,SAFETY_COMPLIANCE_REVIEW,Safety Compliance Review
714,ACTIVITY,Level_002,ACTIVITY#SAFETYUPD,WORKPLACE_ERGONOMICS_ASSESSMENT,Workplace Ergonomics Assessment
715,ACTIVITY,Level_002,ACTIVITY#SAFETYUPD,CHEMICAL_SAFETY_MANAGEMENT,Chemical Safety Management
716,ACTIVITY,Level_002,ACTIVITY#SAFETYUPD,SPILL_RESPONSE,Spill Response
717,ACTIVITY,Level_002,ACTIVITY#SAFETYUPD,ENVIRONMENTAL_SAFETY_MONITORING,Environmental Safety Monitoring
718,ACTIVITY,Level_002,ACTIVITY#SAFETYUPD,SAFETY_DOCUMENTATION_REVIEW,Safety Documentation Review
719,ACTIVITY,Level_002,ACTIVITY#SAFETYUPD,SAFETY_SIGNAGE_INSPECTION,Safety Signage Inspection
720,ACTIVITY,Level_002,ACTIVITY#LOGISTICSUPD,SHIPMENT_SCHEDULING,Shipment Scheduling
721,ACTIVITY,Level_002,ACTIVITY#LOGISTICSUPD,INVENTORY_CHECK,Inventory Check
722,ACTIVITY,Level_002,ACTIVITY#LOGISTICSUPD,ORDER_FULFILLMENT,Order Fulfillment
723,ACTIVITY,Level_002,ACTIVITY#LOGISTICSUPD,ROUTE_PLANNING,Route Planning
724,ACTIVITY,Level_002,ACTIVITY#LOGISTICSUPD,LOAD_AND_UNLOAD,Load and Unload
725,ACTIVITY,Level_002,ACTIVITY#LOGISTICSUPD,PACKAGE_LABELING,Package Labeling
726,ACTIVITY,Level_002,ACTIVITY#LOGISTICSUPD,DISPATCH_COORDINATION,Dispatch Coordination
727,ACTIVITY,Level_002,ACTIVITY#LOGISTICSUPD,DELIVERY_TRACKING,Delivery Tracking
728,ACTIVITY,Level_002,ACTIVITY#LOGISTICSUPD,VEHICLE_MAINTENANCE_CHECK,Vehicle Maintenance Check
729,ACTIVITY,Level_002,ACTIVITY#LOGISTICSUPD,WAREHOUSE_STOCK_REPLENISHMENT,Warehouse Stock Replenishment
730,ACTIVITY,Level_002,ACTIVITY#LOGISTICSUPD,GOODS_RECEIVING,Goods Receiving
731,ACTIVITY,Level_002,ACTIVITY#LOGISTICSUPD,QUALITY_CHECK_ON_ARRIVAL,Quality Check on Arrival
732,ACTIVITY,Level_002,ACTIVITY#LOGISTICSUPD,FREIGHT_DOCUMENTATION,Freight Documentation
733,ACTIVITY,Level_002,ACTIVITY#LOGISTICSUPD,CUSTOMS_CLEARANCE,Customs Clearance
734,ACTIVITY,Level_002,ACTIVITY#LOGISTICSUPD,DAMAGE_ASSESSMENTS,Damage Assessment
735,ACTIVITY,Level_002,ACTIVITY#LOGISTICSUPD,RETURNS_PROCESSING,Returns Processing
736,ACTIVITY,Level_002,ACTIVITY#LOGISTICSUPD,LASTMILE_DELIVERY,Last-Mile Delivery
737,ACTIVITY,Level_002,ACTIVITY#LOGISTICSUPD,INVENTORY_TRANSFER,Inventory Transfer
738,ACTIVITY,Level_002,ACTIVITY#CUSTOMER_SUPPORT,INQUIRY_HANDLING,Inquiry Handling
739,ACTIVITY,Level_002,ACTIVITY#CUSTOMER_SUPPORT,ISSUE_RESOLUTION,Issue Resolution
740,ACTIVITY,Level_002,ACTIVITY#CUSTOMER_SUPPORT,PRODUCT_TROUBLESHOOTING,Product Troubleshooting
741,ACTIVITY,Level_002,ACTIVITY#CUSTOMER_SUPPORT,CUSTOMER_ONBOARDING,Customer Onboarding
742,ACTIVITY,Level_002,ACTIVITY#CUSTOMER_SUPPORT,FOLLOWUP_CALL,Follow-Up Call
743,ACTIVITY,Level_002,ACTIVITY#CUSTOMER_SUPPORT,SERVICE_REQUEST_LOGGING,Service Request Logging
744,ACTIVITY,Level_002,ACTIVITY#CUSTOMER_SUPPORT,COMPLAINT_MANAGEMENT,Complaint Management
745,ACTIVITY,Level_002,ACTIVITY#CUSTOMER_SUPPORT,TECHNICAL_SUPPORT,Technical Support
746,ACTIVITY,Level_002,ACTIVITY#CUSTOMER_SUPPORT,BILLING_AND_ACCOUNT_ASSISTANCE,Billing and Account Assistance
747,ACTIVITY,Level_002,ACTIVITY#CUSTOMER_SUPPORT,ORDER_STATUS_UPDATE,Order Status Update
748,ACTIVITY,Level_002,ACTIVITY#CUSTOMER_SUPPORT,FEEDBACK_COLLECTION,Feedback Collection
749,ACTIVITY,Level_002,ACTIVITY#CUSTOMER_SUPPORT,RETURNS_AND_EXCHANGES,Returns and Exchanges
750,ACTIVITY,Level_002,ACTIVITY#CUSTOMER_SUPPORT,WARRANTY_SUPPORT,Warranty Support
751,ACTIVITY,Level_002,ACTIVITY#CUSTOMER_SUPPORT,LOYALTY_PROGRAM_ASSISTANCE,Loyalty Program Assistance
752,ACTIVITY,Level_002,ACTIVITY#CUSTOMER_SUPPORT,REFUND_PROCESSING,Refund Processing
753,ACTIVITY,Level_002,ACTIVITY#CUSTOMER_SUPPORT,ACCOUNT_SETUP,Account Setup
754,ACTIVITY,Level_002,ACTIVITY#CUSTOMER_SUPPORT,ESCALATION_MANAGEMENT,Escalation Management
755,ACTIVITY,Level_002,ACTIVITY#CUSTOMER_SUPPORT,CUSTOMER_EDUCATION,Customer Education
756,ACTIVITY,Level_002,ACTIVITY#DOCUMENTATION,DOCUMENT_CREATION,Document Creation
757,ACTIVITY,Level_002,ACTIVITY#DOCUMENTATION,DOCUMENT_REVIEW,Document Review
758,ACTIVITY,Level_002,ACTIVITY#DOCUMENTATION,DOCUMENT_APPROVAL,Document Approval
759,ACTIVITY,Level_002,ACTIVITY#DOCUMENTATION,FILE_ORGANIZATION,File Organization
760,ACTIVITY,Level_002,ACTIVITY#DOCUMENTATION,DOCUMENT_ARCHIVING,Document Archiving
761,ACTIVITY,Level_002,ACTIVITY#DOCUMENTATION,REPORT_GENERATION,Report Generation
762,ACTIVITY,Level_002,ACTIVITY#DOCUMENTATION,DATA_ETY,Data Entry
763,ACTIVITY,Level_002,ACTIVITY#DOCUMENTATION,CONTENT_WRITING,Content Writing
764,ACTIVITY,Level_002,ACTIVITY#DOCUMENTATION,SOP,SOP (Standard Operating Procedures) Creation
765,ACTIVITY,Level_002,ACTIVITY#DOCUMENTATION,POLICY_DOCUMENTATION,Policy Documentation
766,ACTIVITY,Level_002,ACTIVITY#DOCUMENTATION,USER_MANUAL_CREATION,User Manual Creation
767,ACTIVITY,Level_002,ACTIVITY#DOCUMENTATION,TECHNICAL_DOCUMENTATION,Technical Documentation
768,ACTIVITY,Level_002,ACTIVITY#DOCUMENTATION,COMPLIANCE_REPORTING,Compliance Reporting
769,ACTIVITY,Level_002,ACTIVITY#DOCUMENTATION,MEETING_MINUTES,Meeting Minutes
770,ACTIVITY,Level_002,ACTIVITY#DOCUMENTATION,VERSION_CONTROL,Version Control
771,ACTIVITY,Level_002,ACTIVITY#DOCUMENTATION,DOCUMENT_EDITING,Document Editing
772,ACTIVITY,Level_002,ACTIVITY#DOCUMENTATION,RECORD_KEEPINGS,Record Keeping
773,ACTIVITY,Level_002,ACTIVITY#DOCUMENTATION,DOCUMENT_DISTRIBUTION,Document Distribution
774,ACTIVITY,Level_002,ACTIVITY#RND,PRODUCT_RESEARCH,Product Research
775,ACTIVITY,Level_002,ACTIVITY#RND,PROTOTYPE_DEVELOPMENT,Prototype Development
776,ACTIVITY,Level_002,ACTIVITY#RND,CONCEPT_TESTING,Concept Testing
777,ACTIVITY,Level_002,ACTIVITY#RND,MARKET_RESEARCH,Market Research
778,ACTIVITY,Level_002,ACTIVITY#RND,FEASIBILITY_STUDIES,Feasibility Studies
779,ACTIVITY,Level_002,ACTIVITY#RND,EXPERIMENTAL_DESIGN,Experimental Design
780,ACTIVITY,Level_002,ACTIVITY#RND,INNOVATION_DEVELOPMENT,Innovation Development
781,ACTIVITY,Level_002,ACTIVITY#RND,PRODUCT_IMPROVEMENT,Product Improvement
782,ACTIVITY,Level_002,ACTIVITY#RND,TESTING_AND_VALIDATION,Testing and Validation
783,ACTIVITY,Level_002,ACTIVITY#RND,DATA_COLLECTION,Data Collection
784,ACTIVITY,Level_002,ACTIVITY#RND,ANALYTICAL_RESEARCH,Analytical Research
785,ACTIVITY,Level_002,ACTIVITY#RND,TECHNICAL_RESEARCH,Technical Research
786,ACTIVITY,Level_002,ACTIVITY#RND,RESEARCH_DOCUMENTATION,Research Documentation
787,ACTIVITY,Level_002,ACTIVITY#RND,PATENT_FILING,Patent Filing
788,ACTIVITY,Level_002,ACTIVITY#RND,LABORATORY_EXPERIMENTS,Laboratory Experiments
789,ACTIVITY,Level_002,ACTIVITY#RND,SURVEY_DESIGN_AND_ANALYSIS,Survey Design and Analysis
790,ACTIVITY,Level_002,ACTIVITY#RND,REGULATORY_COMPLIANCE_RESEARCH,Regulatory Compliance Research
791,ACTIVITY,Level_002,ACTIVITY#TESTING,FUNCTIONAL_TESTS,Functional Testing
792,ACTIVITY,Level_002,ACTIVITY#TESTING,UNIT_TESTING,Unit Testing
793,ACTIVITY,Level_002,ACTIVITY#TESTING,INTEGRATION_TESTING,Integration Testing
794,ACTIVITY,Level_002,ACTIVITY#TESTING,REGRESSION_TESTING,Regression Testing
795,ACTIVITY,Level_002,ACTIVITY#TESTING,PERFORMANCE_TEST,Performance Testing
796,ACTIVITY,Level_002,ACTIVITY#TESTING,STRESS_TESTING,Stress Testing
797,ACTIVITY,Level_002,ACTIVITY#TESTING,UAT,User Acceptance Testing (UAT)
798,ACTIVITY,Level_002,ACTIVITY#TESTING,LOAD_TESTING,Load Testing
799,ACTIVITY,Level_002,ACTIVITY#TESTING,SECURITY_TESTING,Security Testing
800,ACTIVITY,Level_002,ACTIVITY#TESTING,COMPATIBILITY_TESTING,Compatibility Testing
801,ACTIVITY,Level_002,ACTIVITY#TESTING,SMOKE_TESTING,Smoke Testing
802,ACTIVITY,Level_002,ACTIVITY#TESTING,USABILITY_TESTING,Usability Testing
803,ACTIVITY,Level_002,ACTIVITY#TESTING,ALPHA_TESTING,Alpha Testing
804,ACTIVITY,Level_002,ACTIVITY#TESTING,BETA_TESTING,Beta Testing
805,ACTIVITY,Level_002,ACTIVITY#TESTING,AUTOMATED_TESTING,Automated Testing
806,ACTIVITY,Level_002,ACTIVITY#TESTING,MANUAL_TESTING,Manual Testing
807,ACTIVITY,Level_002,ACTIVITY#TESTING,END-TO-END_TESTING,End-to-End Testing
808,ACTIVITY,Level_002,ACTIVITY#TESTING,SYSTEM_TESTING,System Testing
809,ACTIVITY,Level_002,ACTIVITY#INSTALLATION,SITE_PREPARATION,Site Preparation
810,ACTIVITY,Level_002,ACTIVITY#INSTALLATION,EQUIPMENT_SETUP,Equipment Setup
811,ACTIVITY,Level_002,ACTIVITY#INSTALLATION,SYSTEM_INSTALLATION,System Installation
812,ACTIVITY,Level_002,ACTIVITY#INSTALLATION,SOFTWARE_INSTALLATION,Software Installation
813,ACTIVITY,Level_002,ACTIVITY#INSTALLATION,HARDWARE_INSTALLATION,Hardware Installation
814,ACTIVITY,Level_002,ACTIVITY#INSTALLATION,NETWORK_SETUP,Network Setup
815,ACTIVITY,Level_002,ACTIVITY#INSTALLATION,WIRING_AND_CABLING,Wiring and Cabling
816,ACTIVITY,Level_002,ACTIVITY#INSTALLATION,CONFIGURATION,Configuration
817,ACTIVITY,Level_002,ACTIVITY#INSTALLATION,INTEGRATION_WITH_EXISTING_SYSTEMS,Integration with Existing Systems
818,ACTIVITY,Level_002,ACTIVITY#INSTALLATION,ON-SITE_ASSEMBLY,On-Site Assembly
819,ACTIVITY,Level_002,ACTIVITY#INSTALLATION,COMPONENT_INSTALLATION,Component Installation
820,ACTIVITY,Level_002,ACTIVITY#INSTALLATION,USER_INTERFACE_SETUP,User Interface Setup
821,ACTIVITY,Level_002,ACTIVITY#INSTALLATION,MACHINE_SETUP,Machine Setup
822,ACTIVITY,Level_002,ACTIVITY#INSTALLATION,ELECTRICAL_SETUP,Electrical Setup
823,ACTIVITY,Level_002,ACTIVITY#INSTALLATION,HVAC_INSTALLATION,HVAC Installation
824,ACTIVITY,Level_002,ACTIVITY#INSTALLATION,SECURITY_SYSTEM_INSTALLATION,Security System Installation
825,ACTIVITY,Level_002,ACTIVITY#INSTALLATION,SYSTEM_CHECK,Test Run / System Check
826,ACTIVITY,Level_002,ACTIVITY#INSTALLATION,FINAL_ADJUSTMENTS,Final Adjustments
827,ACTIVITY,Level_002,ACTIVITY#CLEANINGUPD,ROUTINE_CLEANING,Routine Cleaning
828,ACTIVITY,Level_002,ACTIVITY#CLEANINGUPD,DEEP_CLEANING,Deep Cleaning
829,ACTIVITY,Level_002,ACTIVITY#CLEANINGUPD,FLOOR_CLEANING,Floor Cleaning
830,ACTIVITY,Level_002,ACTIVITY#CLEANINGUPD,WINDOW_CLEANING,Window Cleaning
831,ACTIVITY,Level_002,ACTIVITY#CLEANINGUPD,RESTROOM_CLEANING,Restroom Cleaning
832,ACTIVITY,Level_002,ACTIVITY#CLEANINGUPD,CARPET_CLEANING,Carpet Cleaning
833,ACTIVITY,Level_002,ACTIVITY#CLEANINGUPD,DISINFECTION,Disinfection
834,ACTIVITY,Level_002,ACTIVITY#CLEANINGUPD,PRESSURE_WASHING,Pressure Washing
835,ACTIVITY,Level_002,ACTIVITY#CLEANINGUPD,EQUIPMENT_CLEANING,Equipment Cleaning
836,ACTIVITY,Level_002,ACTIVITY#CLEANINGUPD,INDUSTRIAL_CLEANING,Industrial Cleaning
837,ACTIVITY,Level_002,ACTIVITY#CLEANINGUPD,SURFACE_CLEANING,Surface Cleaning
838,ACTIVITY,Level_002,ACTIVITY#CLEANINGUPD,TRASH_COLLECTION,Trash Collection
839,ACTIVITY,Level_002,ACTIVITY#CLEANINGUPD,UPHOLSTERY_CLEANING,Upholstery Cleaning
840,ACTIVITY,Level_002,ACTIVITY#CLEANINGUPD,KITCHEN_CLEANING,Kitchen Cleaning
841,ACTIVITY,Level_002,ACTIVITY#CLEANINGUPD,AIR_DUCT_CLEANING,Air Duct Cleaning
842,ACTIVITY,Level_002,ACTIVITY#CLEANINGUPD,PC_CLEANING,Post-Construction Cleaning
843,ACTIVITY,Level_002,ACTIVITY#CLEANINGUPD,CLEANING_AND_SANITIZING,Cleaning and Sanitizing
844,ACTIVITY,Level_002,ACTIVITY#CLEANINGUPD,HAZARDOUS_WASTE_REMOVAL,Hazardous Waste Removal
845,REASON,Level_001,REASON,LOST,Lost
846,REASON,Level_001,REASON,ERROR,Error
847,REASON,Level_001,REASON,DEFECT,Defect
848,REASON,Level_001,REASON,SERVICE,Service
849,REASON,Level_001,REASON,NA,NA
850,ASSETTYP,Level_001,ASSETTYP,VEHICLES,Vehicles
851,ASSETTYP,Level_001,ASSETTYP,EQUIPMENT,Equipment
852,ASSETTYP,Level_001,ASSETTYP,FURNITURES,Furniture
853,ASSETTYP,Level_001,ASSETTYP,IT_ASSETS,IT Assets
854,ASSETTYP,Level_001,ASSETTYP,FIXED_ASSETS,Fixed Assets
855,ASSETTYP,Level_001,ASSETTYP,SAFETY_ASSETS,Safety and Security Assets
856,ASSETTYP,Level_001,ASSETTYP,IOT_ASSETS,IOT and Telecom Assets
857,ASSETTYP,Level_001,ASSETTYP,OTHER_AST,Other
858,PARTNERTYPE,Level_001,PARTNERTYPE,IND,Individual
859,PARTNERTYPE,Level_001,PARTNERTYPE,RET,Retailer
860,PARTNERTYPE,Level_001,PARTNERTYPE,DST,Distributor
861,PARTNERTYPE,Level_001,PARTNERTYPE,WHS,Wholesaler
862,PARTNERTYPE,Level_001,PARTNERTYPE,COR,Corporate
863,PARTNERTYPE,Level_001,PARTNERTYPE,GOV,Government Agency
864,PARTNERTYPE,Level_001,PARTNERTYPE,NGO,Non-Profit Organization
865,PARTNERTYPE,Level_001,PARTNERTYPE,EXP,Exporter
866,PARTNERTYPE,Level_001,PARTNERTYPE,IMP,Importer
867,PARTNERTYPE,Level_001,PARTNERTYPE,OEM,Original Equipment Manufacturer
868,PARTNERTYPE,Level_001,PARTNERTYPE,OTH,Other
869,PARTNERTYPE,Level_001,PARTNERTYPE,SUP,Supplier
870,PARTNERTYPE,Level_001,PARTNERTYPE,MFR,Manufacturer
871,PARTNERTYPE,Level_001,PARTNERTYPE,LOG,Logistics Provider
872,PARTNERTYPE,Level_001,PARTNERTYPE,SRV,Service Provider
873,PARTNERTYPE,Level_001,PARTNERTYPE,CON,Contractor
874,PARTNERTYPE,Level_001,PARTNERTYPE,FRE,Freight Forwarder
875,PARTNERTYPE,Level_001,PARTNERTYPE,OTHERVENDOR,Other
876,SERVICETYP,Level_001,SERVICETYP,INSTALLATION,Installation
877,SERVICETYP,Level_001,SERVICETYP,REPAIR,Repair
878,SERVICETYP,Level_001,SERVICETYP,INSPECTION,Inspection
879,SERVICETYP,Level_001,SERVICETYP,REPLACEMENT,Replacement
880,SERVICETYP,Level_001,SERVICETYP,UPGRADATION,Upgradation
881,BIZPARTNERTYPE,Level_001,BIZPARTNERTYPE,INDIVIDUALS,Individual
882,BIZPARTNERTYPE,Level_001,BIZPARTNERTYPE,RETAILER,Retailer
883,BIZPARTNERTYPE,Level_001,BIZPARTNERTYPE,DISTRIBUTOR,Distributor
884,BIZPARTNERTYPE,Level_001,BIZPARTNERTYPE,WHOLESALER,Wholesaler
885,BIZPARTNERTYPE,Level_001,BIZPARTNERTYPE,CORPORATE,Corporate
886,BIZPARTNERTYPE,Level_001,BIZPARTNERTYPE,GOVERNMENT AGENCY,Government Agency
887,BIZPARTNERTYPE,Level_001,BIZPARTNERTYPE,NON-PROFIT ORGANIZATION,Non-Profit Organization
888,BIZPARTNERTYPE,Level_001,BIZPARTNERTYPE,EXPORTER,Exporter
889,BIZPARTNERTYPE,Level_001,BIZPARTNERTYPE,IMPORTER,Importer
890,BIZPARTNERTYPE,Level_001,BIZPARTNERTYPE,ORIGINAL EQUIPMENT MANUFACTURER,Original Equipment Manufacturer
891,BIZPARTNERTYPE,Level_001,BIZPARTNERTYPE,OTHERS,Other
892,BIZPARTNERTYPE,Level_001,BIZPARTNERTYPE,SUPPLIER,Supplier
893,BIZPARTNERTYPE,Level_001,BIZPARTNERTYPE,MANUFACTURER,Manufacturer
894,BIZPARTNERTYPE,Level_001,BIZPARTNERTYPE,LOGISTICS PROVIDER,Logistics Provider
895,BIZPARTNERTYPE,Level_001,BIZPARTNERTYPE,SERVICE PROVIDER,Service Provider
896,BIZPARTNERTYPE,Level_001,BIZPARTNERTYPE,CONTRACTORS,Contractor
897,BIZPARTNERTYPE,Level_001,BIZPARTNERTYPE,FREIGHT FORWARDER,Freight Forwarder
898,EXPENSE_TYPE,Level_001,EXPENSE_TYPE,TRAVEL,Travel
899,EXPENSE_TYPE,Level_001,EXPENSE_TYPE,ACCOMMODATION,Accommodation
900,EXPENSE_TYPE,Level_001,EXPENSE_TYPE,FOOD,Food
901,EXPENSE_TYPE,Level_001,EXPENSE_TYPE,FUEL,Fuel
902,EXPENSE_TYPE,Level_001,EXPENSE_TYPE,PURCHASES,Purchase
903,EXPENSE_TYPE,Level_001,EXPENSE_TYPE,OTHER_EXP,Other